Name,Age,G,MP,TS%,3PAr,FTr,ORB%,DRB%,AST%,STL%,BLK%,TOV%,USG%,WS,WS/48,BPM,%MP,OoTmEFG%,OoORB%,OoDRB%,OoTmTOV%,OoORtg,OoOpEFG%,OoOpTOV%,OoDRtg,OoAdj,MinAdj,RBAdj,AdjWS/48,AdjWS
LeBron James,33,82,3026,0.621,0.257,0.336,3.7,22.3,44.4,1.9,2,16.1,31.6,14,0.221,9.6,77,0.052,-0.1,0.6,-0.9,8.3,0.032,-0.8,5.9,-0.0045,0.0386,-0.0072,0.2479,15.628
Khris Middleton,26,82,2982,0.577,0.32,0.285,1.8,15,17.7,2,0.6,11.8,24.6,6.9,0.111,0.4,75,0.04,-2.1,-0.8,-1.5,6.9,0.021,1.5,1.7,0.0059,0.031,-0.0025,0.1454,9.033
Andrew Wiggins,22,82,2979,0.505,0.26,0.242,3.1,10.8,8.2,1.5,1.5,8.8,23.4,2.1,0.034,-2.5,76,-0.009,3.7,0.7,-1.2,0.8,-0.022,-0.5,-3.1,0.0073,0.0229,0.014,0.0782,4.853
Bradley Beal,24,82,2977,0.564,0.357,0.249,2.3,11.5,21,1.6,1.1,11.5,27.6,6.9,0.112,1.7,75,0.028,-3.6,-3.4,-0.6,2.4,-0.035,0.6,-4.6,0.0464,0.0309,0.0013,0.1906,11.821
Jrue Holiday,27,81,2927,0.57,0.286,0.191,2.4,10.8,24.9,2,1.7,13.6,23.1,7.1,0.116,2.1,73,0.017,2.1,2.6,0,3.8,-0.038,1.3,-8.7,0.09,0.0264,0.0124,0.2448,14.928
CJ McCollum,26,81,2923,0.536,0.316,0.166,2,9.9,15.8,1.3,1,8.6,26.5,6.6,0.108,0.4,74,-0.004,-0.7,1.1,-2.6,0.7,0.02,0.4,2.9,-0.0371,0.0303,0.0127,0.1139,6.936
Karl-Anthony Towns,22,82,2918,0.646,0.243,0.343,9.3,30.9,10.8,1.1,3.5,10.5,22.9,14,0.23,5.5,73,0.048,4.1,1.1,0.2,12,-0.02,-0.8,-1.5,0.061,0.0212,-0.0167,0.2955,17.964
Russell Westbrook,29,80,2914,0.524,0.193,0.336,5.6,25.7,49.8,2.5,0.6,16.4,34.1,10.1,0.166,8.2,74,0.028,7.7,4.7,-0.3,10.6,0.019,1.2,-1.4,0.077,0.0296,0.0044,0.277,16.816
Paul George,27,79,2891,0.57,0.454,0.307,2.7,14.9,14.5,2.8,1.2,12.2,25.7,8.9,0.148,2.6,73,0.017,0.9,1.1,1,1.9,0.022,1.1,1.8,-0.0161,0.0298,0.0039,0.1656,9.974
Giannis Antetokounmpo,23,75,2756,0.598,0.1,0.457,6.7,25.3,23.7,2,3.3,11.7,31.2,11.9,0.207,5.8,70,0.01,0.5,3,-0.5,2.9,-0.024,-0.3,-6.4,0.0681,0.0309,-0.0122,0.2938,16.869
Kemba Walker,27,80,2736,0.572,0.441,0.308,1.2,8.7,27.4,1.6,0.7,10.4,27.4,8.5,0.15,3.2,69,0.055,1.4,-0.5,0.7,8.8,-0.012,-0.4,-2.1,0.0844,0.0291,0.0139,0.2774,15.812
Ben Simmons,21,81,2732,0.557,0.011,0.342,5.9,19.5,37.4,2.5,2.1,19.5,22.3,9.2,0.162,4.6,69,0.04,2.1,-0.6,0.2,5.4,-0.006,1.4,-1.6,0.0249,0.025,-0.008,0.2039,11.605
Anthony Davis,24,75,2727,0.612,0.111,0.409,7.7,24.8,10.8,2,5.6,8.6,30,13.7,0.241,5.2,68,0.006,0.4,-2.1,-1.6,3.2,-0.037,0.9,-7.5,0.0797,0.0261,-0.0231,0.3237,18.39
Taj Gibson,32,82,2726,0.61,0.047,0.251,8.1,16.7,5.2,1.1,1.9,9.8,14.7,7.2,0.126,1.1,69,0.007,2.1,0,-1.2,3.5,-0.027,0.3,-4.3,0.0408,0.0157,-0.0055,0.177,10.052
DeMar DeRozan,28,80,2711,0.555,0.203,0.396,2.5,10.4,25,1.5,0.6,9.5,29.6,9.6,0.17,1.8,69,-0.015,2.3,2.9,-2.5,3.4,0.021,-3.7,6.1,-0.0445,0.0308,0.0178,0.1741,9.833
Josh Richardson,24,81,2689,0.551,0.38,0.16,2.9,9,13.2,2.3,2.4,12.9,18.2,5.4,0.096,1.4,67,0.001,0.6,1.2,0.6,-0.1,-0.005,0.3,-0.4,-0.0058,0.0218,0.0122,0.1242,6.958
Will Barton,27,81,2683,0.562,0.411,0.22,3,14.2,18.5,1.5,1.6,11.7,20.7,6.2,0.111,1,67,-0.007,-0.4,-1.5,0.2,-0.9,-0.016,-0.8,-1.2,-0.0166,0.0206,-0.0028,0.1122,6.272
Damian Lillard,27,73,2670,0.594,0.445,0.38,2.6,10.6,30.9,1.4,0.8,11.1,30.6,12.6,0.227,6.7,68,0.015,-0.9,1.7,-2.2,6.6,-0.007,0.7,-2.9,0.082,0.0303,0.0107,0.35,19.469
Donovan Mitchell,21,79,2638,0.541,0.404,0.218,2.3,10.4,19.4,2.2,0.9,12.6,29.1,5.2,0.095,1.1,67,0.015,1.7,0.6,0,4.1,-0.004,0.7,-2.9,0.0627,0.0249,0.0098,0.1924,10.574
Harrison Barnes,25,77,2634,0.539,0.276,0.259,3.1,17.1,9.9,0.9,0.5,8.1,25.2,3.8,0.07,-2.1,67,-0.017,-2.7,0.7,0.2,-5.1,0.013,-1.5,4.2,-0.0672,0.0286,-0.0046,0.0268,1.471
Andre Drummond,24,78,2625,0.555,0.012,0.448,16.4,36.4,14.3,2.2,4.3,15.9,21.2,10.3,0.189,5.5,66,0.009,5.8,-0.2,1.6,2.8,0.029,-0.9,5.5,-0.0568,0.027,-0.0376,0.1216,6.65
Thaddeus Young,29,81,2607,0.528,0.209,0.106,8,14.1,8.5,2.6,1.2,10.4,17.3,5.5,0.101,1.5,66,0.037,-1.7,-1.6,0.8,3.6,0.008,3.6,-4.5,0.0551,0.0184,-0.0095,0.165,8.962
Lou Williams,31,79,2589,0.574,0.387,0.367,1.7,6.6,26.3,1.6,0.6,13.1,29.8,6.7,0.125,1,66,0.027,1.5,-3.9,-0.3,8.3,0.011,-0.9,6,0.0082,0.0255,0.0058,0.1645,8.873
E'Twaun Moore,28,82,2586,0.593,0.362,0.082,2.5,7.3,10.1,1.5,0.4,10.6,16.1,4.4,0.081,-0.2,65,0.013,-1.7,0.3,-1.3,2.2,0.006,0.7,-1.2,0.0061,0.0155,0.0045,0.1071,5.77
Joe Ingles,30,82,2578,0.623,0.646,0.116,1.1,13.9,22.9,1.8,0.7,17.4,15.9,7.6,0.141,3.1,65,0.025,-0.2,-0.4,0.6,2.7,0.011,0,2.2,-0.014,0.0205,7.00E-04,0.1482,7.96
Jamal Murray,20,81,2565,0.576,0.411,0.238,3.6,9.4,16.4,1.5,0.9,12.8,22.8,5.5,0.103,-0.2,64,0.05,-1.1,2.7,-1.8,9.4,0.025,0,2.4,0.0335,0.017,0.0083,0.1618,8.646
Victor Oladipo,25,75,2552,0.577,0.323,0.274,2.1,15.1,21.2,3.5,2,12.7,30.1,8.3,0.155,4.9,65,0.035,-2,-3,0.6,4.8,-0.032,3.3,-9.2,0.1112,0.022,-0.0052,0.283,15.046
James Harden,28,72,2551,0.619,0.498,0.502,1.8,15.2,45.1,2.4,1.7,15.1,36.1,15.4,0.289,10.9,65,0.023,1.3,-1.9,0.4,7.3,0.016,0.9,2,0.01,0.0231,0.001,0.3231,17.171
Robert Covington,27,80,2532,0.563,0.658,0.163,2.4,15.5,8.7,2.6,2.4,12.3,17.2,6.1,0.116,2.5,64,0.039,2.7,4.6,-0.2,6.6,-0.018,2.4,-8.2,0.106,0.0198,0.0108,0.2526,13.325
Kyle Lowry,31,78,2510,0.598,0.631,0.276,3,16.1,30.9,1.7,0.6,14.7,21.7,10.2,0.194,5.9,63,0.007,0,3.5,0.5,1.3,0.011,-1.7,2.2,-0.0131,0.0264,0.0056,0.2129,11.133
LaMarcus Aldridge,32,75,2509,0.57,0.068,0.296,10.8,17.3,11.3,0.9,3,6.8,29.1,10.9,0.209,3.3,64,0.011,2.8,4.3,-2,6.1,-0.006,-1.2,-0.7,0.0612,0.0323,-3.00E-04,0.3022,15.796
Klay Thompson,27,73,2506,0.598,0.442,0.083,1.5,10.3,11.2,1.1,1.1,9.5,23.7,4.9,0.094,-0.6,63,0.039,-0.5,0.3,0.8,2.9,-0.009,-0.3,-0.9,0.0311,0.0329,0.0061,0.1641,8.567
Carmelo Anthony,33,78,2501,0.503,0.406,0.165,2.9,17.7,6.5,0.9,1.8,7.3,23.2,3.7,0.071,-3.8,63,0.011,7.6,3.2,-0.1,6.8,0.027,-0.7,1.8,0.0233,0.019,0.0128,0.1261,6.57
Steven Adams,24,76,2487,0.63,0.003,0.402,16.6,13.9,5.5,1.8,2.8,13.2,16.7,9.7,0.187,3.3,63,0.015,11.1,3.2,1.3,7.1,0.009,-0.5,0.2,0.0448,0.0203,0.0058,0.2579,13.362
Taurean Waller-Prince,23,82,2464,0.549,0.469,0.185,2.3,15.3,13.9,1.7,1.5,15.3,22.1,2,0.038,-0.7,63,0.022,-1.4,-1.3,0.8,1.2,0.021,0.2,4.3,-0.0566,0.0243,-0.007,-0.0013,-0.067
Bojan Bogdanovic,28,80,2464,0.605,0.453,0.241,1.4,10.9,7.1,1.1,0.3,10.1,19,5.4,0.105,-0.7,62,0.011,-4.3,-0.8,0.9,-1.9,-0.02,-0.1,-3.2,0.0024,0.0148,-6.00E-04,0.1216,6.242
Dwight Howard,32,81,2463,0.577,0.008,0.639,11,33.8,7.1,1,4.4,15.1,24.2,6.8,0.132,-0.3,62,0.038,2.8,-1.6,3.2,2.9,-0.015,-1.6,-0.7,0.0226,0.0199,-0.0361,0.1384,7.102
Kentavious Caldwell-Pope,24,74,2458,0.561,0.52,0.243,2.6,14.1,9.4,2.1,0.5,9.9,16.9,5.3,0.103,1,62,0.01,-1.7,2,-1.3,2.7,0.004,-1.5,1.5,0.0212,0.0244,0.0017,0.1503,7.697
Nikola Jokic,22,75,2443,0.603,0.277,0.31,9,27.9,29.6,1.8,2.1,15.5,24.2,10.7,0.211,7.1,61,0.029,2.4,4.3,-1.1,8,-0.003,-1,-1.8,0.0826,0.0185,-0.0151,0.297,15.116
Jayson Tatum,19,80,2438,0.586,0.29,0.309,2.3,15.6,8.3,1.7,2,10.7,19.5,7.1,0.139,1,62,0.029,-3.8,-2,-1.3,5.1,-0.021,0.5,-3.1,0.0592,0.0192,-0.0097,0.2077,10.549
Otto Porter,24,77,2432,0.602,0.354,0.145,4.8,18.1,10.1,2.4,1.5,7.4,18.4,8.1,0.161,3.6,61,0.044,-1.3,0,-0.7,6.6,-0.016,0.8,-4.6,0.0952,0.019,-0.0068,0.2684,13.599
DeAndre Jordan,29,77,2424,0.648,0,0.54,15.1,37.6,7.1,0.8,2.4,16.1,15.2,9.4,0.186,2.1,62,-0.026,1.3,4.3,0.6,-3.2,0.02,-2.8,3.8,-0.0803,0.022,-0.0413,0.0864,4.363
Marc Gasol,33,73,2408,0.532,0.31,0.326,3.7,25.3,21.7,1.1,3.9,14.1,25.6,4,0.08,1.5,61,-0.002,-3.2,3.5,-0.2,-0.9,0.006,-0.9,-0.8,-0.0081,0.028,-0.0176,0.0823,4.129
Kyle Kuzma,22,77,2401,0.549,0.418,0.2,3.9,17.4,9.1,1,1.1,11,22.5,3.8,0.077,-1.3,60,0.002,0.2,-2.3,0,0.6,-0.002,-0.2,2.3,-0.028,0.0198,-0.0101,0.0587,2.936
Goran Dragic,31,75,2378,0.543,0.279,0.252,2.5,12,25.4,1.3,0.4,12.2,25.7,5.3,0.106,-0.1,60,0.001,1.2,-3.3,-0.3,1.2,0,0.5,2.8,-0.0434,0.0173,8.00E-04,0.0807,3.998
Dillon Brooks,22,82,2350,0.531,0.342,0.215,2.4,10.5,9.3,1.6,0.7,12.8,18.5,1.2,0.024,-3.1,60,0.012,-3.8,1.9,-0.1,-0.8,-0.019,-0.2,-4.2,0.0428,0.0182,-0.0012,0.0838,4.103
Wilson Chandler,30,74,2346,0.542,0.39,0.181,4.9,14.1,9.5,0.9,1.4,11.9,14.3,3.3,0.067,-0.9,59,0.002,-0.8,1.3,-0.5,0.2,0.011,0.3,-0.5,-0.0157,0.0162,-0.0021,0.0654,3.196
Kevin Durant,29,68,2325,0.64,0.338,0.331,1.6,19.5,25.5,1,4,12.9,30.4,10.4,0.215,5.6,59,0.04,0.9,-2.9,0,7.6,0.016,-1.2,6.2,-0.0234,0.0318,-0.0094,0.214,10.366
Jeff Teague,29,70,2311,0.553,0.287,0.301,1.2,9.3,30.6,2.2,0.8,16.4,20.6,4.9,0.101,0.2,58,0.008,-0.3,-0.1,-0.1,1.8,-0.002,-0.1,1.1,-0.0212,0.0134,0.0079,0.1011,4.868
Courtney Lee,32,76,2310,0.564,0.368,0.164,1.4,9.3,11.3,1.7,0.6,9.4,16.9,3.9,0.082,0,58,-0.004,-1.3,-1.2,0.6,-0.6,0.015,-1,3.1,-0.0584,0.0233,0.0028,0.0497,2.392
Dario Saric,23,78,2310,0.582,0.448,0.233,7.5,16.4,13,1.1,0.7,13.1,20.9,6.6,0.137,1.4,58,0.014,2.9,1.8,0.3,3.9,0.006,-0.3,0.3,-8.00E-04,0.0144,-0.0033,0.1473,7.089
Spencer Dinwiddie,24,80,2306,0.527,0.517,0.32,1.8,10.2,35,1.4,0.7,11.8,20.3,5.7,0.118,0.2,58,0.007,0.7,1.9,-2.7,4.8,0.013,-0.2,0.9,0.0357,0.0167,0.01,0.1804,8.667
Gary Harris,23,67,2304,0.597,0.434,0.178,1.8,6.8,13,2.6,0.5,10.8,20.7,5.5,0.114,0.9,58,0.019,-0.3,0.9,-0.1,1.9,0.002,1.9,-3.1,0.0386,0.0216,0.013,0.1872,8.986
Draymond Green,27,70,2287,0.556,0.414,0.279,3.9,21.1,29,2,3.1,22.5,17.2,6.1,0.127,3.2,58,0.027,-3.7,0.1,0.7,1,0.003,1.3,-0.4,0.0072,0.0285,-0.0183,0.1444,6.88
Yogi Ferrell,24,82,2282,0.54,0.492,0.141,1.2,11.2,13.5,1.4,0.4,9.1,17,3,0.064,-1,58,-0.012,-0.2,-2.6,-0.8,-0.2,-0.053,1.3,-9,0.1091,0.0131,0.0013,0.1875,8.914
P.J. Tucker,32,82,2281,0.537,0.703,0.136,4.6,17.8,4.6,1.7,1,13.7,10.5,3.9,0.082,0,58,0.008,1.9,-0.5,0.3,4.6,-0.004,2.1,-1.8,0.0448,0.0054,-0.0063,0.1259,5.983
Al Horford,31,72,2277,0.575,0.3,0.159,5,20.2,23.6,0.9,2.9,14.1,18.4,7.8,0.165,4,58,0.057,-4.6,-0.2,-0.5,6.5,-0.019,-1.9,-1.4,0.0483,0.021,-0.0172,0.2171,10.299
Trevor Ariza,32,67,2269,0.567,0.71,0.137,1.7,12.9,6.8,2.1,0.5,7,14.4,5.3,0.113,1.5,57,0.005,1.4,-1.6,1.1,0.1,0.015,1.4,1.2,-0.0423,0.0186,0.0041,0.0934,4.415
Justin Holiday,28,72,2265,0.513,0.574,0.21,1.4,12.8,10.1,1.7,1.2,9.8,18.2,1.7,0.036,-1.3,57,0.022,-2.7,3.7,-1.4,2.5,-0.016,-0.6,-4.2,0.0767,0.0222,0.0046,0.1395,6.583
Ricky Rubio,27,77,2254,0.537,0.33,0.307,2.2,15.3,28.4,2.7,0.4,18.1,22.9,5.3,0.112,1.7,57,-0.003,-0.1,-1.2,0.4,-0.6,0.016,2.3,-0.5,-0.0073,0.0143,-0.0052,0.1138,5.344
J.R. Smith,32,80,2244,0.534,0.64,0.094,1.5,10.1,8.6,1.5,0.4,11.6,13.8,1.4,0.031,-1.7,57,-0.009,1.6,-1.3,0.2,-0.7,0.034,-1.1,6.8,-0.0928,0.0165,0.0036,-0.0417,-1.949
Eric Bledsoe,28,71,2239,0.585,0.366,0.319,2.5,11.9,26,3.2,1.5,16,26,5.7,0.121,2.4,56,0.032,1.7,-3.1,-0.3,7.2,-0.014,1.4,-2,0.0618,0.018,-0.0016,0.1992,9.292
Kelly Oubre,22,81,2231,0.534,0.467,0.295,3,15.4,6.4,1.8,1.4,9.2,19.4,3.7,0.08,-1.2,56,-0.024,1.1,-1.1,0.7,-2.5,0.01,0.2,3.7,-0.0862,0.0089,3.00E-04,0.003,0.139
Cory Joseph,26,82,2210,0.503,0.315,0.156,2,11.4,16.1,1.8,0.7,11.9,14.8,3.1,0.068,-1.2,56,-0.031,3.6,3.2,0.3,-3.2,-0.009,-1.8,0.3,-0.0485,0.0048,0.0197,0.044,2.026
Allen Crabbe,25,75,2197,0.558,0.643,0.163,1.3,14.4,8.4,1,1.2,8.1,19,3.2,0.07,-0.8,55,0.005,0.2,-2.5,-1.2,2.8,-0.005,0.6,0.5,0.0168,0.0173,-0.0044,0.0997,4.563
Julius Randle,23,82,2190,0.606,0.05,0.47,8.9,22.8,15.8,0.9,1.7,16.3,25.3,6.6,0.145,0.9,55,0.026,-2,0.6,0.2,4.4,0.003,-3,4,-0.0108,0.0085,-0.0264,0.1163,5.306
DeMarre Carroll,31,73,2180,0.55,0.498,0.313,5.1,18.4,10.5,1.3,1,10.3,19.8,4.1,0.091,0.2,55,-0.01,1.8,-3.4,-1.3,2.5,-0.014,1.4,-1.8,0.0568,0.0185,-0.0137,0.1526,6.931
Bogdan Bogdanovic,25,78,2175,0.556,0.426,0.154,1.6,10.5,18.3,1.7,0.7,13.2,19.6,2.9,0.064,-1,55,0.008,-2.1,0.5,-0.4,0.7,0.022,-0.3,3.7,-0.0393,0.015,0.0036,0.0433,1.962
Jimmy Butler,28,59,2164,0.59,0.217,0.461,4.2,12.7,20.6,2.7,1,8.9,24.9,8.9,0.198,5,55,0.019,2.7,0.2,0,6,-0.028,1.9,-7.2,0.0822,0.0201,0.0064,0.3067,13.827
Eric Gordon,29,69,2154,0.578,0.627,0.248,1.3,7.5,11.7,1,1.1,10.8,24.7,4.7,0.105,-1,54,0.022,2.7,0.7,-1.2,7.5,-0.023,-1.6,-2.3,0.0738,0.0125,0.0181,0.2094,9.397
Derrick Favors,26,77,2153,0.593,0.09,0.306,10.6,18.5,7.8,1.3,3.2,9.9,18.5,8,0.179,2.7,55,0.02,3.3,0.4,1.8,0.5,0.021,-1.1,2.4,-0.0377,0.0108,-0.0126,0.1395,6.257
Jaylen Brown,21,70,2152,0.562,0.381,0.29,3.4,14,8.5,1.6,1,12,21.4,4.5,0.1,-0.2,54,0.028,-0.3,-0.3,-1.3,5.5,-0.017,0.4,-2.9,0.0589,0.0184,0.0011,0.1784,7.998
T.J. Warren,24,65,2142,0.541,0.085,0.24,6.1,10.5,7.2,1.5,1.5,6.7,24.9,3.4,0.077,-1.9,54,0.008,3.7,-2,0.3,3,-0.002,-0.8,3.7,-0.0125,0.0265,0.0029,0.0939,4.19
Wesley Matthews,31,63,2131,0.541,0.577,0.145,1.4,9.2,12.3,1.8,0.7,10.1,17.6,2.6,0.059,0.1,54,-0.004,-3.1,-1.8,0.2,-1.8,0.044,0.3,8.3,-0.0877,0.0255,0.0025,-7.00E-04,-0.031
J.J. Redick,33,70,2116,0.614,0.523,0.248,0.5,8.3,15.1,0.8,0.2,9.6,21.7,6.6,0.15,0,54,0.027,-0.4,0.6,-0.4,6,-0.004,-1.4,0.1,0.0152,0.0148,0.0102,0.1902,8.385
Patty Mills,29,82,2107,0.558,0.607,0.173,1.4,6.8,16,1.3,0.4,12.6,17.8,4.1,0.093,-0.4,53,0.009,1.8,-1.9,-1.4,4.1,0.021,-0.1,5.2,-0.0466,0.0129,0.012,0.0713,3.13
Denzel Valentine,24,77,2095,0.527,0.513,0.071,2.4,18.3,17.8,1.5,0.5,11.8,17.5,2.5,0.057,-0.5,53,-0.003,1.4,0.5,1,-1.5,-0.01,0.1,-2,0.0064,0.0117,-0.0041,0.071,3.099
Serge Ibaka,28,76,2093,0.574,0.379,0.151,4.3,21,4.4,0.7,3.8,9.7,19.4,5.1,0.117,-0.2,53,-0.001,-0.2,3.4,-0.4,1,0.002,-3.8,3,-0.029,0.0141,-0.0051,0.097,4.23
Jusuf Nurkic,23,79,2088,0.528,0.007,0.287,10,26.9,11.7,1.5,4.3,14.6,26.4,4.7,0.108,0.3,53,-0.006,-1.6,0.1,-0.4,-2,-0.005,1,-4.1,0.0322,0.0056,-0.0316,0.1142,4.968
Dennis Schroder,24,67,2078,0.515,0.229,0.231,2.4,8.8,36.2,1.7,0.2,12.7,30.4,2.6,0.059,-0.7,53,0.012,0.1,-3.3,-0.4,3.2,0.029,2.3,4.6,-0.037,0.0246,0.0019,0.0485,2.1
Marcin Gortat,33,82,2075,0.546,0,0.291,9.9,24,10.6,1,2.6,13.5,15.5,4.9,0.113,0.3,52,0.011,-1.8,-0.1,-0.8,-0.9,-0.01,0,-3.4,0.0216,0.0027,-0.0274,0.1099,4.751
Al-Farouq Aminu,27,69,2072,0.522,0.582,0.137,5.2,22.3,5.8,1.9,1.6,11.3,14.8,4.2,0.097,1.1,52,0.005,-1.2,-0.6,-2.5,3.5,0.002,1.5,-1.1,0.0388,0.0139,-0.0155,0.1342,5.793
Dragan Bender,20,82,2069,0.524,0.665,0.105,2,16.8,8.9,0.5,2.1,18.1,12.7,0.1,0.001,-2.7,53,0,-5.3,0.8,-0.1,-3,-0.002,-0.8,0,-0.0216,0.0084,-0.0153,-0.0275,-1.185
Terry Rozier,23,80,2068,0.52,0.503,0.186,3.4,16.3,17.5,1.9,0.8,8.5,20.4,5.6,0.13,1.8,52,-0.028,0,-0.3,-0.9,-3,-0.01,-0.9,-0.5,-0.0411,0.0066,-0.0036,0.0919,3.959
Austin Rivers,25,61,2057,0.526,0.447,0.198,1.5,6.2,17.5,1.7,0.6,11.1,20.6,2.4,0.056,-0.9,52,0.003,1.3,1.1,-0.4,2.4,0.04,-0.8,6.3,-0.0561,0.025,0.0152,0.0401,1.718
Tony Snell,26,75,2053,0.578,0.631,0.113,0.5,7.5,6.5,1.1,1.2,7.5,10.6,2.4,0.056,-1.8,52,0.029,-3,0.8,0.5,1.6,0.023,-0.6,3.9,-0.0612,0.0076,0.0052,0.0076,0.325
Tyler Johnson,25,72,2052,0.549,0.456,0.181,1.9,11.7,12.4,1.5,1.4,9.5,18.6,4.2,0.097,-0.2,52,0.007,-0.5,0.8,-0.4,1.4,0.009,1,-0.7,0.016,0.0085,0.0062,0.1277,5.459
Dennis Smith,20,69,2049,0.473,0.331,0.188,2.6,11.8,29.5,1.7,0.8,15,28.9,-0.7,-0.017,-2.3,52,-0.017,-1.3,0.4,0.6,-4.1,0.033,-1.4,5.3,-0.077,0.0162,0.0034,-0.0744,-3.176
Willie Cauley-Stein,24,73,2044,0.529,0.016,0.32,7,22,13.7,1.9,3.1,11,21.8,3.9,0.092,0.4,52,0.01,-2.3,0.9,1.5,-0.8,0.009,1.8,0.1,-0.0025,0.0147,-0.0195,0.0847,3.607
Ish Smith,29,82,2043,0.525,0.126,0.145,1.4,10.9,28.4,1.6,0.9,11.2,20.8,4.4,0.102,-1.2,52,0.017,-1.6,2.2,-1.4,2.5,-0.014,-1.9,0.5,0.0229,0.0044,0.005,0.1343,5.716
Wayne Ellington,30,77,2041,0.588,0.827,0.111,1.3,10.7,5.9,1.3,0.3,6.6,17.3,4.5,0.105,0,51,0.019,-1.3,0.8,-1,4.2,-0.006,-1.7,-0.4,0.0437,0.0038,0.0063,0.1588,6.752
Clint Capela,23,74,2034,0.65,0.001,0.38,13.5,30.8,5.7,1.4,5.7,11.5,19.4,10.2,0.242,3,51,0.005,3.8,-0.2,-0.1,2.6,0.016,-0.5,0.4,-0.0079,0.0034,-0.0327,0.2048,8.678
Evan Turner,29,79,2034,0.52,0.229,0.185,1.6,11.4,12.4,1.1,1.2,13.7,15.6,2.6,0.061,-1.8,51,-0.037,-0.5,-2,0.2,-5.9,-0.002,-0.6,1.8,-0.0941,0.0036,0.0016,-0.0279,-1.182
Jonathon Simmons,28,69,2029,0.555,0.268,0.317,3.3,9.7,13.3,1.4,0.6,14.4,22,1.9,0.045,-2.3,52,0.023,-0.6,-0.8,1.5,1.7,0.026,-1.7,6,-0.0605,0.0189,0.0013,0.0047,0.199
De'Aaron Fox,20,73,2026,0.478,0.192,0.245,1.8,10,24.6,1.7,0.9,16.4,23.4,-0.6,-0.014,-4.4,51,0.001,-3.2,-2.2,-0.6,-1.6,0.012,-0.7,4.1,-0.0648,0.014,-0.0027,-0.0675,-2.849
Buddy Hield,24,80,2024,0.557,0.437,0.087,3,14.8,12.8,2.1,1,11.3,24.3,2.8,0.067,-0.2,51,0.015,1.6,1,-0.2,2.9,-0.025,0.9,-4.6,0.1002,0.008,0.003,0.1782,7.514
Lauri Markkanen,20,68,2020,0.552,0.465,0.193,4,23.7,6.4,0.9,1.8,8.2,21.9,3.3,0.079,-1.9,51,0.003,-1.5,2.3,1.6,-2,0.005,-1.6,1.4,-0.0486,0.0171,-0.0142,0.0333,1.401
Darren Collison,30,69,2018,0.61,0.321,0.226,2.1,7.8,26.4,2.3,0.7,10.9,17.4,7.6,0.181,2.2,51,0.045,-3.6,-2.2,0,5.4,0.028,2,1.7,0.0017,0.0092,0.0018,0.1937,8.143
Marvin Williams,31,78,2006,0.603,0.542,0.218,3.9,16.2,7,1.4,1.6,9.7,14.8,5,0.119,1.7,51,0.03,2.2,-0.9,2.7,1.2,-0.022,-1.1,-2,0.0264,0.0067,-0.0021,0.15,6.269
Nicolas Batum,29,64,1981,0.523,0.422,0.2,3.1,13.8,26.2,1.6,1,15.6,18.3,3.5,0.084,1.4,50,0.022,-0.8,-1.1,1,1.2,0.008,-0.8,2.1,-0.0297,0.0188,-0.001,0.0721,2.976
Kyle Anderson,24,74,1978,0.582,0.13,0.333,4.7,17.6,14.7,2.9,2.5,15.8,13.5,6.2,0.151,4.1,50,0.005,-1,1.1,-0.6,0.4,-0.006,0.1,-2.1,0.0296,0.0148,-0.0072,0.1882,7.755
Joe Harris,26,78,1975,0.634,0.576,0.167,2.7,11.3,10.2,0.9,0.8,12,16.6,4,0.097,0.1,50,0.017,1.3,2.8,1.3,1,-0.009,-1.5,0.2,-4.00E-04,0.0066,0.0099,0.1131,4.654
Brandon Ingram,20,59,1975,0.536,0.138,0.371,3.1,13.8,17.7,1.1,1.8,14.4,22.2,2.8,0.068,-1.3,50,-0.017,2.2,-1,0.3,-1.9,-0.003,-0.3,1.3,-0.0379,0.0225,0.0041,0.0567,2.333
John Henson,27,76,1970,0.582,0.014,0.315,9,21.5,8.6,1.1,4.7,12.8,15,4.9,0.12,0.4,50,0.027,2,2.5,0.1,5.3,-0.018,-1.4,-3.3,0.0665,0.0037,-0.0147,0.1755,7.203
Markieff Morris,28,73,1968,0.566,0.301,0.186,4.3,19.2,11,1.4,1.7,14.6,19.5,3.3,0.08,-0.5,50,0.018,-2.6,-0.9,0.2,0.5,-0.003,-1,1.1,-0.0255,0.0062,-0.0127,0.048,1.968
Jeremy Lamb,25,80,1967,0.559,0.305,0.25,2.7,15.4,15.4,1.5,1.4,9.1,22.4,4.9,0.12,0.9,50,0.006,0.3,-0.1,-0.6,2.5,0,0,0.5,0.0036,0.0037,-0.0016,0.1257,5.151
Josh Jackson,20,77,1959,0.48,0.233,0.299,5.1,14.2,10.1,2,1.4,12.2,26,-0.7,-0.018,-4.3,50,-0.032,-0.4,-1.9,-0.1,-6.3,-0.008,0.2,-0.2,-0.0569,0.0084,-0.0107,-0.0772,-3.151
Darius Miller,27,82,1944,0.617,0.735,0.138,1,7.9,7.5,0.7,0.7,10.1,12.8,3,0.075,-1,49,0.007,-1.1,0.7,-0.7,2.2,0.001,-1.6,4.4,-0.0644,-0.0061,0.0063,0.0108,0.437
James Johnson,30,73,1943,0.575,0.301,0.264,3.5,17.2,22.5,1.8,2.2,17.2,19.1,4.9,0.122,1.7,49,0.022,-0.3,-2.8,1.5,1.1,-0.016,-1.4,2.1,-0.0337,0.0035,-0.0105,0.0813,3.291
Kyrie Irving,25,60,1931,0.61,0.374,0.24,1.9,10.8,30.7,1.7,0.7,10.4,31,8.9,0.222,6.2,49,0.04,-1,-3,-0.8,7.1,0,-1,4,-0.0131,0.0204,0.003,0.2323,9.345
Rondae Hollis-Jefferson,23,68,1920,0.548,0.075,0.436,5.5,20,14.2,1.6,1.9,12.3,22.2,4.1,0.103,-0.4,48,-0.002,-0.8,0.7,-0.6,1.2,-0.001,-0.9,0.9,-0.0116,0.0134,-0.0127,0.0921,3.684
Joel Embiid,23,63,1912,0.573,0.203,0.442,8.4,29.7,18,1,4.8,15.6,33.4,6.2,0.155,2.6,48,0.024,-0.9,-1,-1.1,7.6,-0.037,-1.6,-5.1,0.0764,0.014,-0.0316,0.2138,8.516
Aaron Gordon,22,58,1909,0.53,0.395,0.26,5,21.5,11.7,1.5,1.9,10,24.7,2.9,0.072,0,48,0.016,1,2.9,-0.9,3.4,0.011,0.4,-1.5,0.0481,0.0258,-0.0052,0.1407,5.596
Dirk Nowitzki,39,77,1900,0.575,0.445,0.142,1.2,25.2,10.4,1.1,2.1,6,20.5,4.8,0.121,0.3,48,0.044,-5,0.3,-0.3,4.1,0.024,-1.2,4.3,-0.0091,0.0034,-0.0227,0.0926,3.665
Stanley Johnson,21,69,1894,0.48,0.418,0.259,1.9,13,8.5,2.5,0.7,11,16.4,1.8,0.046,-1.5,48,-0.006,-0.2,0.2,1.1,-1.9,-0.005,0.2,-1.3,0.0021,0.0098,0.0017,0.0596,2.352
Tim Hardaway,25,57,1885,0.533,0.479,0.209,1.9,11.3,12.7,1.6,0.5,9,23.8,2.6,0.067,-0.1,48,-0.006,1.9,1,-1.8,3.6,0.012,-0.3,1,0.0177,0.0268,0.0109,0.1224,4.807
Devin Booker,21,54,1865,0.561,0.364,0.312,1.5,12.7,24.4,1.2,0.6,13.9,31.7,2.4,0.063,0.4,47,0.009,2.1,0.5,1.6,1.5,0.004,-0.2,2.3,-0.004,0.0282,0.0089,0.0961,3.734
Caris LeVert,23,71,1864,0.525,0.333,0.254,3,11.9,26,2.1,0.9,15.8,22.5,2.3,0.059,-0.5,47,-0.022,0.2,0,0.5,-4.3,0.001,0.1,-0.2,-0.0605,0.0084,0.002,0.0089,0.346
Michael Kidd-Gilchrist,24,74,1850,0.536,0.004,0.305,4.8,13,5.9,1.3,1.4,7.8,16.2,3.2,0.084,-1.8,47,0.013,1.4,0.7,0.5,1.7,-0.005,-0.4,-2,0.0298,0.0041,0.0035,0.1214,4.679
Lance Stephenson,27,82,1850,0.495,0.327,0.179,3.8,22,18.6,1.2,0.8,14.7,21.6,1.8,0.045,-2.1,47,-0.026,3.3,2.9,-1.1,-1.4,0.03,-1.8,7.1,-0.1163,-0.0083,-2.00E-04,-0.0798,-3.076
Chris Paul,32,58,1847,0.604,0.475,0.277,2.3,16.7,40.9,2.6,0.6,12.5,24.5,10.2,0.265,7.1,47,0.043,-1.1,-1.1,-2.9,8.1,0.003,0.7,-0.1,0.0428,0.0122,-0.0038,0.3162,12.167
Evan Fournier,25,57,1837,0.577,0.418,0.216,1.4,9.5,14.8,1.3,0.7,9.8,23.3,3.3,0.087,-0.4,47,0.04,-1.7,-0.2,-0.6,5.4,0.022,0.2,2.9,0.0113,0.0239,0.005,0.1272,4.868
Myles Turner,21,65,1836,0.567,0.246,0.322,5.8,19.8,7,1,5.7,11.6,20,4.7,0.122,0.7,47,0.015,-2.8,-1.9,0.2,1.4,-0.008,0.6,-2.4,0.0164,0.0059,-0.0165,0.1278,4.888
Frank Kaminsky,24,79,1835,0.545,0.383,0.271,2.7,14.5,11,1,0.9,7.6,20.5,3.6,0.094,-0.9,46,-0.019,-2.7,-0.2,-2.8,0.3,0.034,0.9,4.8,-0.078,-6.00E-04,-0.0061,0.0093,0.356
Enes Kanter,25,71,1830,0.63,0.003,0.258,16.6,30.6,9.4,1,1.7,13.3,21.8,7.6,0.198,2.5,46,-0.001,5,0.9,1.5,1.4,0.036,-0.4,3.8,-0.0476,0.01,-0.0322,0.1282,4.888
Jeff Green,31,78,1828,0.587,0.275,0.379,3.7,11.2,8,1.1,1.6,9.4,19.3,3.9,0.103,-1.9,46,-0.006,-2.6,-2.4,-0.2,-1.5,-0.05,0.4,-7.2,0.0771,0.0029,-0.0116,0.1714,6.527
Rudy Gobert,25,56,1816,0.657,0,0.673,10.4,27,6.9,1.2,6,15.7,16.9,8.1,0.214,4.3,46,0.003,1.9,1.3,1.7,1.2,-0.029,0.5,-6.8,0.0824,0.0189,-0.0187,0.2966,11.221
Pau Gasol,37,77,1812,0.539,0.191,0.333,7.8,30.2,20.1,0.7,3.6,13.1,20.4,6,0.159,3.2,46,-0.025,-3.4,-0.3,-0.6,-5.3,-0.014,-2.3,-2.3,-0.0261,0.0057,-0.0379,0.1007,3.801
Domantas Sabonis,21,74,1810,0.567,0.056,0.339,10.4,25.2,12.7,1.1,1.6,15.3,22.1,4.7,0.126,-0.2,46,-0.005,3.6,2.5,1.6,-0.7,0,0.3,0.2,-0.0271,-0.0035,-0.0129,0.0825,3.111
Danny Green,30,70,1791,0.509,0.57,0.116,2.5,13,8.9,1.8,3.7,11.2,16.6,2.9,0.078,1.2,45,-0.012,1.5,1,-0.8,-1.1,-0.004,-0.9,-0.3,-0.0133,0.0109,0.0077,0.0833,3.108
Kent Bazemore,28,65,1789,0.547,0.405,0.297,1.6,13.9,20.1,2.7,2.2,17,22.5,2.2,0.059,0.4,45,0.017,0.1,-4.6,1,2.8,-0.004,2.5,-0.7,0.0475,0.0151,-0.0057,0.1159,4.32
John Collins,20,74,1785,0.62,0.086,0.341,11,22.8,8.9,1.3,3.8,14.3,17.9,5.4,0.145,1.7,45,-0.016,0.5,-2.6,0.5,-3.3,-0.013,1.4,-1.8,-0.0022,0.0067,-0.0291,0.1204,4.477
Lonzo Ball,20,52,1780,0.444,0.523,0.126,4.2,17.3,29.2,2.4,2,18.6,17.4,2,0.053,1.7,45,-0.004,-1.5,1.8,-0.3,-1.6,-0.005,0.7,-2.9,0.0496,0.0229,-0.0014,0.1241,4.602
Kelly Olynyk,26,76,1779,0.612,0.44,0.274,5.6,21.6,18.7,1.7,1.7,17.1,21.7,5.5,0.148,2.9,45,0.057,-2.1,0.3,-1.1,9.7,0.022,2,0.3,0.0927,-0.0056,-0.0178,0.2173,8.054
D.J. Augustin,30,75,1760,0.615,0.504,0.35,1.9,8.2,24.4,1.5,0,16.5,18.6,4.1,0.11,-0.9,45,-0.016,-1,1.6,0,-2.1,-0.02,-0.2,-4.5,0.0449,0.0028,0.0085,0.1662,6.094
Anthony Tolliver,32,79,1757,0.663,0.773,0.282,3.1,12.3,7.5,0.9,1.1,9.9,14.8,5.3,0.146,1.5,44,-0.004,-2.3,-0.4,-2.5,1.6,-0.003,0.4,-0.3,0.0258,-0.0043,-0.0054,0.1621,5.934
Dejounte Murray,21,81,1743,0.485,0.056,0.243,7,22.4,20.2,2.8,1.5,16.6,20.7,3.2,0.087,1.2,44,-0.015,2.2,3.2,0.5,-2.1,-0.029,1.1,-7.6,0.0915,-2.00E-04,-0.0083,0.17,6.173
DeMarcus Cousins,27,48,1737,0.583,0.34,0.456,6.8,30.9,23,2.2,3.5,18.9,31.9,4.7,0.13,5.5,43,0.013,0.2,3.7,2.8,0.2,0.027,1,1.2,-0.0364,0.0207,-0.0162,0.0981,3.55
Brook Lopez,29,74,1735,0.557,0.41,0.199,4.6,13.4,11.6,0.8,4.6,10.2,23.5,3.8,0.105,0.5,44,0.014,-1.9,1.6,-0.3,1.3,0.021,-1.7,3.2,-0.0381,-0.0022,-0.0023,0.0624,2.256
Reggie Bullock,26,62,1732,0.615,0.515,0.09,1.7,8.3,8.4,1.4,0.7,7.6,15.7,4.2,0.117,0.7,44,0.005,-0.4,1.7,-0.9,2.2,0.002,-1.4,2.1,-0.0084,0.01,0.0116,0.1302,4.698
Jonas Valanciunas,25,77,1727,0.628,0.108,0.307,12.1,30.3,7.5,0.8,3.2,12.9,22.7,7.6,0.21,1.5,44,-0.001,2,2.7,0.4,1,0.011,-4.4,4.9,-0.0569,-0.001,-0.0267,0.1254,4.512
Ryan Anderson,29,66,1725,0.592,0.706,0.194,6.2,15.4,5.1,0.7,1,7.5,14.4,4.8,0.132,0.2,44,0.004,0.1,1.7,-0.1,0.8,0.022,-1.9,4.8,-0.0843,-0.0016,-0.0017,0.0444,1.596
Frank Ntilikina,19,78,1706,0.437,0.314,0.136,2.4,9.1,20,1.9,0.9,19.8,16.9,-0.9,-0.026,-3.9,43,-0.02,-0.7,0.5,0.5,-4.1,-0.034,1.6,-6.1,0.0528,-0.001,0.0057,0.0315,1.12
T.J. McConnell,25,76,1706,0.545,0.147,0.093,2.4,11.5,24.5,2.6,0.6,20.4,13.8,3.8,0.108,-0.7,43,-0.034,-2.6,-3,1.3,-7.3,0.008,-0.8,3.9,-0.1212,-0.0066,-0.0084,-0.0282,-1.002
Rajon Rondo,31,65,1705,0.522,0.304,0.093,2,14.2,42.2,2,0.5,22.7,16.9,3.6,0.101,-1.1,43,0.001,-0.1,-2.2,0,-1.3,0.002,-0.6,1.2,-0.0496,-0.0011,-0.0048,0.0455,1.616
Robin Lopez,29,64,1690,0.552,0.022,0.14,8.2,10.3,12.3,0.4,2.8,13.5,20.4,1.9,0.055,-1.9,43,0.004,-3.1,3.6,-0.7,-2.1,-0.017,-1.5,-3.9,0.0255,0.0075,-9.00E-04,0.0871,3.067
Jerian Grant,25,74,1686,0.528,0.372,0.374,1.9,9.3,30.1,1.8,0.4,13.2,17.4,3.3,0.094,-2,42,-0.006,-0.3,-1.3,0.2,-0.2,-0.009,-1.1,0.1,-0.0124,-0.0018,0.0038,0.0836,2.936
Nikola Vucevic,27,57,1683,0.533,0.243,0.112,6.6,27.8,19.9,1.6,3,11,25.9,3.6,0.102,2.7,43,0.032,-4.3,4.7,-1.6,3.6,0.008,1,-2.6,0.0613,0.0171,-0.0199,0.1605,5.628
Justise Winslow,21,68,1680,0.496,0.264,0.213,4.3,20.4,13,1.6,1.7,12.6,16.3,2.6,0.075,-1,42,-0.013,-0.7,0.9,-0.7,-0.9,-0.01,0.5,-3.7,0.0375,-0.0028,-0.0079,0.1018,3.563
Pascal Siakam,23,81,1679,0.549,0.265,0.175,5.4,18.6,13.5,1.8,2,11.1,15.7,4.7,0.133,2.1,42,0.02,-0.8,-2.1,0.5,1.5,-0.007,2.6,-2.4,0.0567,-0.0061,-0.0153,0.1683,5.887
Dwight Powell,26,79,1672,0.656,0.195,0.43,8.7,21.3,8.5,2,1.7,10.3,15.5,6.6,0.191,2.7,42,0.016,0.3,-1,0.5,3.7,-0.003,1.8,-3,0.0694,-0.0074,-0.0196,0.2334,8.13
Jarell Martin,23,73,1661,0.516,0.198,0.234,6.6,15.8,7,1.2,2.8,13.6,17.1,1.3,0.038,-3,42,-0.029,-0.3,0.3,-1.6,-2.8,-0.007,0.6,-1.1,-0.0216,-2.00E-04,-0.01,0.0062,0.215
Tyler Ulis,22,71,1658,0.465,0.265,0.183,1.5,6.8,28,2,0.3,17.6,18.5,-0.2,-0.006,-5.2,42,-0.002,0.3,-0.7,1,-0.7,0.004,0.7,-0.9,0.0231,0.0012,0.0099,0.0282,0.974
Mario Hezonja,22,75,1657,0.544,0.433,0.17,2.7,16.1,10,2.4,1.5,11.5,19.9,2.3,0.066,-0.8,42,0.005,0.4,-3.1,1.4,0,0.004,0,2.5,-0.0302,-0.0015,-0.0097,0.0246,0.849
Jamal Crawford,37,80,1653,0.519,0.423,0.152,1.4,5.5,16.9,1.2,0.5,10.7,23.7,1.3,0.037,-3.9,42,-0.011,-4.3,-2.8,0.9,-4.9,0.03,-1.4,8.2,-0.1446,-0.0203,-9.00E-04,-0.1288,-4.436
Michael Beasley,29,74,1653,0.556,0.107,0.197,6.5,21.2,12.5,1.1,2.3,14,26.9,2.4,0.069,-1.5,42,-0.001,1.8,-1.9,-0.4,2.1,0.012,-0.4,4,-0.0434,0,-0.0162,0.0094,0.324
Kevin Love,29,59,1651,0.614,0.453,0.365,7,29.8,9.8,1.3,1.2,9.6,25.1,6.4,0.185,1.3,42,0.016,0.3,0,1.4,1.7,0.026,0.2,2.5,-0.0159,0.0131,-0.0255,0.1567,5.39
Jerami Grant,23,81,1647,0.607,0.241,0.526,5.6,16.3,5.1,0.9,4.2,8.8,16,5.4,0.156,-0.6,42,-0.004,-7.7,-2.8,-0.1,-3.6,-0.023,-1,0.7,-0.0513,-0.0146,-0.0312,0.0589,2.021
David Nwaba,25,70,1646,0.542,0.123,0.48,5.6,16,9.4,1.7,1.6,13.1,15.6,2.4,0.071,-1.6,41,-0.004,4.4,-1.8,0.7,2.4,-0.001,0.4,0.4,0.0081,-1.00E-04,-0.0021,0.0769,2.637
Bobby Portis,22,73,1643,0.548,0.275,0.192,10,23,13.2,1.5,1.3,10.5,26,3.5,0.101,0.3,41,0.02,4,-1.8,-1.7,8.8,0.007,1.6,0.9,0.0632,-0.0028,-0.019,0.1424,4.874
Tomas Satoransky,26,73,1643,0.615,0.263,0.25,5,11.1,24.8,1.6,0.8,16.3,13.7,5,0.145,1.1,41,0.005,2.2,1.9,0.7,0.8,-0.013,-0.9,-2.3,0.0188,-0.0071,0.0128,0.1695,5.802
Stephen Curry,29,51,1631,0.675,0.58,0.35,2.7,14.4,30.3,2.4,0.4,13.3,31,9.1,0.267,8.6,42,0.072,0.9,0.3,-0.9,14.9,0.018,0.3,2,0.0874,0.0233,0.0042,0.3819,12.977
Andre Iguodala,34,64,1622,0.536,0.366,0.272,3.7,12.6,16.2,1.6,1.9,15.8,11.5,3.2,0.094,0.2,41,-0.025,0.4,0.8,-0.5,-3.6,-0.036,0.5,-6.8,0.0509,0.008,0.0032,0.1561,5.275
Troy Daniels,26,79,1622,0.583,0.797,0.111,0.8,7.7,4.5,0.8,0.2,8.5,17.2,1.4,0.042,-2.9,41,0,-1.3,-1.1,-1.1,0.5,0.016,-1.3,4.9,-0.0656,-0.0069,0.0052,-0.0253,-0.855
Garrett Temple,31,65,1615,0.536,0.477,0.164,1.5,9.6,11.3,1.8,1.6,13.4,16.4,1.2,0.035,-1.9,41,-0.019,2.5,-0.1,0.7,-1.7,-0.012,0.6,-1.1,0.0058,0.0045,0.0141,0.0594,1.999
Marcus Smart,23,54,1614,0.479,0.483,0.258,3,9.8,23.7,2.2,1.2,18.4,19.4,1.9,0.056,-0.5,41,0.002,0,-0.6,-0.5,0.5,-0.02,1.3,-4.6,0.0302,0.0134,0.0102,0.1098,3.692
Tyreke Evans,28,52,1607,0.561,0.354,0.258,3.1,16.3,31.2,1.8,1,11.5,28.4,4.2,0.126,3.6,41,0.024,1.7,-2.5,-1.4,7.3,-0.04,0.1,-5.2,0.1074,0.0191,-0.0027,0.2498,8.363
J.J. Barea,33,69,1603,0.545,0.454,0.148,1,13.4,45.1,1.1,0.2,16.3,24.9,3.3,0.098,0.1,40,0.038,-1,-2.2,0.5,5.6,0.002,0.9,1.4,0.0324,-0.0021,2.00E-04,0.1285,4.291
Kyle Korver,36,73,1574,0.652,0.777,0.149,0.7,10.9,8,1,1.5,9.6,16,3.4,0.104,0.1,40,0.017,-2.2,0,0,2.3,-0.048,0.5,-8.6,0.1184,-0.0038,1.00E-04,0.2187,7.172
Luc Mbah a Moute,31,61,1564,0.595,0.501,0.275,1.6,11.7,5,2.3,1.4,15.1,12.9,2.8,0.086,0,40,0.004,-2.8,0,0.4,-1.7,-0.019,0.9,-4.1,0.0101,-0.0038,0.0026,0.0949,3.092
Tobias Harris,25,48,1563,0.564,0.389,0.192,2.5,15,9.9,1.1,0.9,6.2,23.2,4.1,0.125,0.2,40,0.01,1.7,-1.2,0.3,2,0.038,0.8,4.9,-0.0465,0.0191,0.0037,0.1013,3.299
Kristaps Porzingis,22,48,1553,0.539,0.256,0.309,4.4,18.1,6.2,1.1,6.4,8.4,31,3.2,0.099,-0.7,39,-0.002,0.7,1.5,-0.8,2.6,-0.028,-0.5,-4.9,0.0803,0.0232,0.0012,0.2037,6.591
Jarrett Jack,34,62,1548,0.489,0.194,0.169,1.6,12.1,31.3,1.1,0.2,19.5,16.7,1.2,0.036,-3.5,39,0.019,-0.1,2,-0.6,4.7,0.005,-1.5,-0.1,0.0435,0.0062,0.0087,0.0944,3.044
Dewayne Dedmon,28,62,1542,0.599,0.296,0.18,7.2,28.1,9.2,1.3,2.8,14.3,17,3.7,0.114,0.5,39,0.021,-3.4,2.4,1.2,0.2,-0.01,-0.5,-1.3,0.0272,0.0071,-0.0229,0.1254,4.028
JaMychal Green,27,55,1542,0.53,0.26,0.227,10.8,24.4,8.3,1,1.5,12.4,17.8,2.6,0.079,-1.5,39,0.009,0.4,4.3,1.1,-0.6,0.013,-2.7,2.6,-0.0465,0.0123,-0.0129,0.0319,1.025
Shabazz Napier,26,74,1535,0.544,0.411,0.26,1.9,10.1,14.6,2.6,0.7,13.2,19.5,3.2,0.101,0.2,39,-0.002,0.4,-2.5,0.5,-0.4,-0.007,0.2,-1.3,0.0053,-0.0127,0.0056,0.0992,3.172
Marquese Chriss,20,72,1527,0.509,0.398,0.331,5.2,22.7,8.1,1.6,3.7,16.4,18.1,0.7,0.023,-2,39,-0.003,3.4,0.3,1,-0.6,-0.004,0.2,-1,0.0257,-0.0056,-0.0089,0.0342,1.088
Kris Dunn,23,52,1525,0.488,0.201,0.171,1.6,14.4,33.3,3.3,1.6,17.3,24.7,0.8,0.027,-0.1,38,0.014,-3.3,1.4,0.3,-1.2,0.013,-0.1,1.8,-0.04,0.0132,0.0014,0.0016,0.051
Jakob Poeltl,22,82,1524,0.662,0.005,0.263,12.4,16.4,5.4,1.3,5.2,16.6,14.8,5.6,0.176,3.3,38,0.006,1.8,-1.2,0.3,0.9,0.005,2.1,-0.2,0.0173,-0.0136,-0.0144,0.1653,5.248
Fred VanVleet,23,76,1520,0.556,0.479,0.185,1.9,11.5,22.8,2.2,1,11.2,19.1,4.7,0.149,1.9,38,-0.001,0.4,-2.1,-1.5,2.5,-0.027,2.6,-4.8,0.0965,-0.0093,0.0039,0.2401,7.603
Bryn Forbes,24,80,1517,0.525,0.459,0.145,0.9,7.2,7.8,0.9,0.1,6.5,16.7,2.1,0.067,-3.1,38,0.011,-0.6,0.1,-0.1,2.3,0.012,0.1,1.4,-0.0048,-0.0092,0.0122,0.0652,2.061
Zach Randolph,36,59,1508,0.529,0.193,0.14,7,23.7,14.9,1.4,0.6,12.5,27.6,1.5,0.048,-1.8,38,0.007,0.8,2.1,1,0.7,0.045,-2.2,8.3,-0.0851,0.0055,-0.008,-0.0396,-1.244
Justin Jackson,22,68,1506,0.521,0.442,0.086,2,12.6,7.2,0.9,0.8,8.4,14.2,1,0.031,-3.5,38,0.006,-4.1,0.6,-0.6,-1.1,-0.007,-1.2,-0.7,0.0058,-0.0034,-6.00E-04,0.0328,1.029
Bismack Biyombo,25,82,1495,0.556,0.003,0.446,10.5,24,6.5,0.7,5.1,16.6,14.9,2.9,0.094,-1.6,38,-0.045,3.6,-5.3,2.9,-8.1,0.004,-1.3,4.2,-0.1259,-0.0142,-0.0305,-0.0766,-2.386
Pat Connaughton,25,82,1488,0.539,0.538,0.113,2.7,9.1,8.7,0.8,1.2,9.5,13.4,2.5,0.08,-1.3,38,0.01,1.8,1.2,0,2,-0.011,-1.9,0.3,0.0059,-0.0211,0.0147,0.0795,2.465
Wesley Johnson,30,74,1486,0.512,0.481,0.158,2.2,13.6,5.6,2.5,3.5,12.3,13,1.7,0.055,0.3,38,0,-2.6,-0.4,1.6,-3.8,0.007,2.5,-2.2,0.0102,-0.0118,-0.0057,0.0477,1.477
Aron Baynes,31,81,1485,0.502,0.047,0.175,9.7,22.1,9.6,0.7,2.9,14.3,16.8,3,0.097,-1.7,37,-0.008,1.4,5.8,-0.2,-1.5,-0.024,0.1,-6.8,0.0502,-0.0179,-0.0047,0.1246,3.855
OG Anunoby,20,74,1481,0.587,0.569,0.179,3.4,10.4,5,1.7,0.8,10.8,12.4,3,0.098,0.6,37,0.014,0.6,2.4,0.7,2,-0.003,-1.6,-2.4,0.0569,-0.0095,0.0123,0.1577,4.866
Ed Davis,28,78,1471,0.607,0.003,0.38,13.7,28.8,3.9,1.1,2.9,16.2,12.1,5,0.164,0,37,0.003,4.6,-1.5,0.9,2,-0.019,-0.6,-0.2,0.0123,-0.0189,-0.0269,0.1305,3.999
Tyus Jones,21,82,1467,0.572,0.393,0.247,1.2,9.2,21.2,3.2,0.4,14,12.7,3.6,0.117,0.5,37,0.003,0.4,0.5,-0.7,1.5,-0.012,0.7,-4.4,0.0337,-0.0301,0.0099,0.1305,3.988
Luke Kennard,21,73,1463,0.56,0.419,0.163,1.6,11.9,12.7,1.5,0.8,12.2,17.2,2.6,0.085,-1.5,37,0.019,-2.1,-0.7,-0.8,3,-0.025,-0.5,-2.7,0.0774,-0.0125,-5.00E-04,0.1494,4.554
Josh Hart,22,63,1461,0.596,0.525,0.251,3.1,16,7.6,1.5,0.9,10.1,13.5,3.4,0.111,-0.1,37,0.018,1.7,-1.6,0.4,2.9,0.013,-0.3,3.9,-0.0242,-0.0047,3.00E-04,0.0824,2.508
Ian Clark,26,74,1455,0.529,0.394,0.119,0.8,8.4,10.4,1.1,0.5,9.9,17.2,1.1,0.037,-3.9,36,0.001,-0.7,-2.7,0.4,0.3,-0.007,-0.5,0.9,-0.0339,-0.0206,0.0024,-0.0151,-0.458
Marcus Morris,28,54,1447,0.541,0.383,0.252,3.3,18.4,8.1,1.2,0.7,8.7,23,3.2,0.108,-1.7,36,-0.014,-0.7,-0.7,-0.6,-0.2,0.024,-1.6,5.9,-0.0815,0.0051,-3.00E-04,0.0313,0.944
Jarrett Allen,19,72,1441,0.636,0.038,0.37,10.5,18.2,5.4,0.9,4.6,15.1,16.3,4.2,0.141,0.2,36,0.003,2.6,-4.1,1.7,-0.9,-0.009,0.2,-0.6,-0.0097,-0.0112,-0.0176,0.1025,3.077
Mason Plumlee,27,74,1439,0.586,0.003,0.486,10.4,20.9,14.4,1.7,4.7,18.7,16.6,3.6,0.12,1.8,36,0.009,-0.8,-4.3,2.5,-3,-0.01,1.1,-0.8,-0.0428,-0.02,-0.027,0.0302,0.905
Malcolm Brogdon,25,48,1436,0.578,0.32,0.169,1.9,10.8,16.3,1.4,0.8,10.9,19.1,2.7,0.091,-1.3,36,0.001,-1,3.1,0,-1.7,0.003,-0.6,0.4,-0.0389,0.0096,0.0104,0.0721,2.157
Delon Wright,25,69,1433,0.574,0.354,0.271,3.6,11.7,19.6,2.5,1.8,13.9,17.2,4.5,0.152,2.8,36,-0.007,1,-3,0.8,-1.3,-0.003,2.8,-2,0.0205,-0.0076,0.0025,0.1674,4.998
Mario Chalmers,31,66,1421,0.503,0.431,0.312,1,12,21.5,2.8,0.9,18.8,19.6,0.6,0.021,-2.7,36,-0.009,-0.3,-1.3,0.2,0.6,-0.015,3.1,-5.4,0.0623,-0.0052,0.0022,0.0803,2.377
John Wall,27,41,1410,0.515,0.25,0.361,1.8,10.2,44.5,2,2.8,17,29.1,2.7,0.092,1.5,36,0.02,-1.9,-2.2,-1.1,3.3,-0.017,0.3,-1.9,0.0199,0.0188,0.0103,0.141,4.142
Mike Scott,29,76,1406,0.599,0.311,0.145,4,15.8,9.1,0.8,0.6,12.4,20,2.5,0.085,-2.3,35,-0.008,1.8,0.8,0.2,-0.8,0.01,-0.2,2.2,-0.0479,-0.0205,0.0059,0.0225,0.659
Alex Len,24,69,1395,0.612,0.008,0.611,13.2,26.7,9.1,0.9,3.5,14,17,4.5,0.154,0.8,35,-0.008,0.2,0.9,-0.4,0.6,-0.004,-0.9,-0.9,0.036,-0.0094,-0.0264,0.1542,4.481
Nick Young,32,80,1393,0.562,0.668,0.133,1.7,7.9,3.5,1.3,0.4,7.2,17.6,1.7,0.058,-3.7,35,-0.046,-0.5,0.9,-0.7,-6.1,0.007,-0.3,1.2,-0.0817,-0.0164,0.0099,-0.0302,-0.876
Trey Lyles,22,73,1391,0.591,0.396,0.26,4.5,23.5,10.1,1.1,2,9,21.1,3.9,0.134,-0.8,35,-0.017,0,1.5,-0.4,-1.4,-0.005,-0.3,0.4,-0.0444,-0.0216,-0.0104,0.0576,1.669
Kosta Koufos,28,71,1391,0.566,0,0.19,11.7,27.6,9.7,1.7,2.2,10.4,15.2,3.9,0.134,0.5,35,-0.029,1.6,-0.4,-1.5,-4.3,-0.021,-1.3,-2.8,0.0054,-0.0117,-0.0238,0.1039,3.011
Kyle O'Quinn,27,77,1387,0.625,0.044,0.331,9.7,27.8,16.8,1.3,6.1,18.5,17,4.8,0.166,4.5,35,0.022,-1.7,-0.7,-0.5,2.3,-0.013,-0.2,-0.9,0.0344,-0.0148,-0.0315,0.1541,4.453
Nemanja Bjelica,29,67,1371,0.581,0.493,0.121,4.4,18.8,8.7,1.8,1,11.7,14.3,2.8,0.097,0.5,34,-0.008,-3.2,2.9,0.2,-4.4,-0.005,-1.7,-1.4,-0.036,-0.0228,-0.006,0.0322,0.92
Bam Adebayo,20,69,1368,0.57,0.021,0.526,9.7,21.6,11,1.2,2.5,13.6,15.9,4.2,0.148,0.2,34,-0.013,-0.3,3.9,0.6,-3.2,-0.003,-0.3,-2.3,-0.0086,-0.0184,-0.0081,0.1129,3.218
Raymond Felton,33,82,1365,0.494,0.417,0.08,2,11,22.5,1.8,1.1,11.7,20.4,2.2,0.078,-2.8,34,-0.018,-8,-4,-0.7,-6.9,-0.017,-0.6,0.7,-0.0751,-0.0284,-0.018,-0.0435,-1.237
Shelvin Mack,27,69,1365,0.518,0.336,0.234,1.8,11.6,29.5,1.9,0.5,16.3,17.6,2,0.069,-2.4,35,-0.005,1.4,0,0.2,-0.4,-0.019,0.7,-3.9,0.0462,-0.0102,0.0073,0.1123,3.194
Hassan Whiteside,28,54,1364,0.573,0.003,0.315,14.3,36.6,6.9,1.4,5.9,12.3,24.7,5.3,0.187,0.2,34,-0.04,3.3,-0.2,0,-5.4,-0.013,-1.4,-0.2,-0.0547,-0.0036,-0.0266,0.1021,2.901
Quincy Acy,27,70,1359,0.525,0.8,0.164,3.1,17,6,1.2,1.6,13.3,14.4,1,0.036,-2.2,34,0.018,-1.8,1.2,0.7,0.8,-0.002,0.5,-0.9,0.0147,-0.0136,-0.0037,0.0334,0.946
Lance Thomas,29,73,1353,0.513,0.464,0.199,3.6,10.7,4.2,1.1,0.9,12.1,10.7,0.9,0.031,-2.6,34,-0.004,-0.7,1.2,1.9,-4.6,0.005,0.9,-0.9,-0.0336,-0.0133,0.0052,-0.0107,-0.302
Jae Crowder,27,53,1346,0.545,0.503,0.245,3.5,10.8,6,1.5,0.8,9.2,15.1,1.7,0.059,-1.8,34,-0.013,-2.6,-0.4,0.6,-3.7,0.046,1.5,5.4,-0.0751,0.0047,0,-0.0114,-0.32
C.J. Miles,30,70,1337,0.545,0.758,0.162,1.5,11,6,1.4,1.3,5.7,22.3,2.9,0.103,-0.5,34,-0.018,-1.7,-4.5,-1.1,-2.3,-0.013,2,-1.6,0.0065,-0.0133,-6.00E-04,0.0956,2.663
Gorgui Dieng,28,79,1333,0.543,0.157,0.263,9.1,22.2,7.5,1.7,2.6,12,16.3,2.9,0.105,-0.4,34,-0.035,-2.7,-0.6,0.3,-9.2,0.031,0.4,4.1,-0.1222,-0.0345,-0.0246,-0.0763,-2.119
Andrew Harrison,23,56,1326,0.534,0.331,0.371,2,9.7,21.3,1.4,1.8,14,19.6,1.7,0.062,-2.5,34,-0.012,-0.5,3.4,-0.2,-1.4,-0.006,-1.7,0.4,-0.0259,-1.00E-04,0.0123,0.0483,1.334
Manu Ginobili,40,65,1299,0.553,0.415,0.283,1.6,10.6,19.1,1.7,1,16.8,21.5,2.2,0.082,-1,33,0.001,1.3,-2.1,0.2,2.7,0.007,-1.1,5.9,-0.0591,-0.0077,0.0088,0.024,0.65
Montrezl Harrell,24,76,1293,0.647,0.013,0.405,8.9,17,10.1,1.4,3.4,9.5,23.8,5.5,0.205,2.4,33,0.019,0.6,-2.8,-0.7,3.2,-0.014,-0.1,-0.3,0.0521,-0.023,-0.016,0.2181,5.875
Patrick Patterson,28,82,1270,0.555,0.643,0.173,2.7,14.6,6.1,1.9,1.6,10.3,10.8,2.6,0.098,-1.3,32,-0.023,-10.1,-3.7,-1.7,-8.4,-0.005,0,1.1,-0.0897,-0.0333,-0.0256,-0.0506,-1.339
Avery Bradley,27,40,1268,0.497,0.34,0.14,1.6,6.7,10.5,1.8,0.5,13.3,24.4,-0.2,-0.009,-4.2,32,-0.013,3,-2.1,1.5,-2.3,0.036,1.6,4.1,-0.0613,0.0149,0.0158,-0.0396,-1.046
Maurice Harkless,24,59,1264,0.596,0.397,0.199,4,9.9,6,1.9,2.8,11,12.6,3.2,0.123,1.8,32,0.003,0.2,-0.3,2.1,-2.3,0.017,1.5,1.4,-0.0417,-0.0128,0.0101,0.0786,2.07
Elfrid Payton,23,44,1257,0.564,0.146,0.249,4.1,11.2,35.5,2.5,1,18.3,21.8,2.7,0.104,1.1,32,0.019,3,-1.2,-0.7,4.8,0.05,-0.2,9.1,-0.0506,0.0117,0.0094,0.0745,1.951
Jordan Clarkson,25,53,1256,0.532,0.315,0.198,3.8,9.7,22.9,1.5,0.2,11.6,27.7,2.1,0.08,-1.3,32,-0.008,3.4,-1.2,1.5,-1.4,-0.007,2.1,-1.5,0.0243,-0.0049,0.0126,0.112,2.931
Skal Labissiere,21,60,1240,0.513,0.111,0.258,8.7,18.1,9.1,1,3.7,12.5,21.1,1.4,0.054,-2.6,31,0.017,1.9,-1.1,0.6,4,-0.002,-0.2,0.1,0.0336,-0.0096,-0.0041,0.0739,1.909
Thon Maker,20,74,1238,0.499,0.329,0.294,7.1,14.2,5.2,1.5,3.7,11,14.6,1.5,0.056,-2.7,31,-0.018,-3.3,-4.6,-0.9,-3.1,0.026,1.6,5,-0.103,-0.0278,-0.0181,-0.0929,-2.396
D'Angelo Russell,21,48,1234,0.509,0.414,0.195,2.6,13.8,35.7,1.4,1,16.8,30.8,0.4,0.014,-0.4,31,0.003,-0.9,-5.1,0.1,0.2,0.015,1,4.8,-0.0725,0.0026,-0.0017,-0.0576,-1.481
Rudy Gay,31,57,1231,0.545,0.22,0.27,6.8,19.5,9.8,1.9,2.6,11.5,24.6,3.1,0.123,0.3,31,-0.009,3.5,0,0.5,0.6,0.005,-0.5,1.4,-0.0184,-0.0036,0.0012,0.1022,2.621
Marco Belinelli,31,52,1210,0.554,0.509,0.225,1.2,7.9,13.5,1.9,0.2,9.2,21.2,1.9,0.075,-1.7,31,-0.023,3.3,-4.2,-0.2,-1.9,0.021,0.8,4.2,-0.0653,3.00E-04,0.0123,0.0223,0.562
Maxi Kleber,26,72,1206,0.576,0.414,0.191,6.3,15.6,6.4,1.1,3.5,8.2,13.7,2.8,0.113,0.2,30,-0.02,-0.9,3.5,-0.9,-3.8,-0.017,-0.8,-2.5,0.0082,-0.0247,0.0031,0.0996,2.502
Reggie Jackson,27,45,1201,0.516,0.293,0.232,2.6,9,32.8,1.1,0.3,13.5,27.1,2,0.078,-1.5,30,0.004,3,-1.6,1.3,3,0.026,1.6,1,0.013,0.0031,0.0132,0.1073,2.685
Ersan Ilyasova,30,46,1175,0.569,0.424,0.224,7,16.8,6.8,1.8,1.2,8.9,18,2.6,0.106,0,30,0.011,2.3,-2.9,-0.6,4.6,0.007,2.1,1,0.0293,0.0058,-5.00E-04,0.1406,3.442
Doug McDermott,26,55,1172,0.562,0.418,0.162,3.1,9.5,6,0.4,0.9,8.8,14.4,1.3,0.055,-2.5,30,-0.012,0.5,1.7,1.6,-3.9,-0.012,1.1,-4.1,0.0154,-0.0065,0.0126,0.0765,1.868
Amir Johnson,30,74,1171,0.575,0.123,0.327,11.8,18.3,13.9,1.8,3.1,15.6,12.8,4.1,0.169,2.9,30,-0.003,0.7,3.6,2.2,-5.3,0.017,2.2,-0.4,-0.0547,-0.0313,-0.0073,0.0757,1.847
Isaiah Taylor,23,67,1167,0.492,0.205,0.362,2.1,6.9,27,1.4,0.7,15.7,20.1,0.6,0.027,-5.4,30,0.007,-0.2,3.1,0.3,1.1,-0.03,-2,-4.3,0.0768,-0.0174,0.017,0.1034,2.514
Sindarius Thornwell,23,73,1156,0.519,0.262,0.378,3.2,10,7.8,2,1.8,16.3,12.1,1,0.041,-1.6,29,-0.027,-0.4,1.5,0.1,-5.6,-0.019,0.3,-3.2,0.0081,-0.0283,0.0073,0.0281,0.677
Tyson Chandler,35,46,1151,0.658,0,0.497,12.2,26.8,6.6,0.7,1.9,20.5,10.6,2.7,0.111,-0.3,29,0,3.3,0.1,1.3,-1,-0.001,-0.8,0.3,0.0045,0.0017,-0.0101,0.1071,2.568
Semi Ojeleye,23,73,1150,0.473,0.665,0.218,3.6,11.6,2.4,0.9,0.3,10.8,9,1.2,0.048,-3.5,29,-0.04,0.3,-0.8,1.2,-9.4,0.021,0.3,3.2,-0.1194,-0.0294,0.0077,-0.0931,-2.231
Royce O'Neale,24,69,1150,0.54,0.415,0.268,2.5,20.6,12,1.6,1.2,14.8,14.6,2.4,0.099,-0.6,29,-0.009,4.6,2.2,-0.4,1.8,-0.038,-1.1,-5.7,0.0674,-0.0275,0.0064,0.1453,3.481
Ian Mahinmi,31,77,1145,0.601,0.008,0.516,13.4,17.4,6.6,1.6,3.2,24.7,15.6,2.2,0.093,-0.7,29,-0.01,6.5,1.3,2.1,1.1,0,0.4,-0.6,-0.0016,-0.0353,0.0029,0.059,1.407
Paul Millsap,32,38,1143,0.549,0.26,0.37,6.4,17.6,13.6,1.7,3.2,12.6,22,2.5,0.106,0.7,29,0.008,-0.2,-3,0.1,1.9,-0.015,1.1,-2.4,0.0088,0.0047,-6.00E-04,0.1189,2.831
George Hill,31,43,1143,0.597,0.393,0.304,2.1,9.9,15.5,1.7,1,14,16.9,2.1,0.09,-0.6,29,0.003,1.9,0.7,2,-0.4,0.03,-1,5.1,-0.0405,0.005,0.0167,0.0712,1.695
Blake Griffin,28,33,1139,0.553,0.324,0.379,4.5,20.5,25.6,1.3,0.7,12.8,29.3,3,0.126,3.1,29,0.008,0.6,-1.6,1.7,0.9,0.006,1.3,-0.7,0.0275,0.0198,3.00E-04,0.1736,4.119
Milos Teodosic,30,45,1134,0.564,0.644,0.128,1.6,10.5,26.2,1,0.4,20.3,18.2,1.4,0.058,-1.4,29,0.018,-4.4,0.1,-1.3,1.5,-0.01,-1.7,-0.1,0.0273,-7.00E-04,0.0046,0.0892,2.107
Alex Abrines,24,75,1134,0.567,0.759,0.158,2.5,8.9,3.4,1.7,0.6,7.4,12.7,2.2,0.094,-2.2,29,-0.013,-3.7,-3.1,-1.2,-1.3,-0.002,-0.6,3.2,-0.054,-0.0358,-0.003,0.0012,0.028
Jonas Jerebko,30,74,1134,0.586,0.46,0.167,5.4,19.1,5.7,1.1,0.9,6.9,15.6,3.4,0.144,-0.6,29,0.002,2.9,0.1,-0.2,1.7,0.008,-1.1,3.6,-0.0369,-0.0325,-0.0018,0.0728,1.72
Shaun Livingston,32,71,1129,0.533,0.015,0.178,3.4,9.2,16.8,1.5,1.5,13.6,16.7,1.8,0.077,-3.5,28,-0.01,-1.4,-0.3,0.3,-4.2,-0.029,0.5,-4.1,0.0074,-0.0238,0.0053,0.0659,1.55
Jodie Meeks,30,77,1119,0.548,0.534,0.298,1.5,11.2,9.1,1.3,0.3,7.7,19,2,0.087,-2.8,28,-0.043,1.3,1,0.2,-4.2,0.026,-0.2,4.2,-0.089,-0.0369,0.0161,-0.0228,-0.532
Dante Cunningham,30,51,1115,0.525,0.48,0.16,5,13.4,3,1.2,1.1,6.2,10,1.6,0.067,-1.7,28,-0.007,-0.8,0.4,0.6,-2.5,-0.006,0.2,-0.6,-0.0348,-0.0169,0.0024,0.0177,0.411
Tobias Harris,25,32,1105,0.565,0.33,0.156,2.2,16.8,14.3,1.6,1.5,9,23.5,2.6,0.112,1.5,28,-0.005,-1.2,2.7,-1.7,-0.1,0.023,-2.1,4.6,-0.0261,0.0195,0.0081,0.1135,2.613
Ben McLemore,24,56,1091,0.526,0.426,0.172,3.5,11.4,7.5,1.8,1.3,13.2,19,0.5,0.023,-3.6,28,-0.027,2.7,-0.9,2.2,-6.7,0.015,0.3,3.3,-0.0898,-0.0139,0.0085,-0.0722,-1.641
Davis Bertans,25,77,1086,0.588,0.689,0.134,1.8,13.9,10.3,1.2,2.1,8.5,17.4,3.1,0.135,1,28,0.019,-3.6,-1.2,0.3,-0.3,0,1.4,-1.3,0.0071,-0.0299,-0.0015,0.1107,2.505
Rodney Hood,25,39,1084,0.551,0.475,0.176,1.5,10.1,10.4,1.4,0.5,9.6,27.3,1.9,0.085,-1.6,27,-0.013,-4.9,-0.7,-0.7,-4.1,0.036,-0.7,7.9,-0.0931,0.003,0.0067,0.0016,0.036
Tristan Thompson,26,53,1072,0.569,0,0.336,13.4,23.3,4.3,0.7,1.3,11.8,12.6,2.5,0.113,-2.5,27,-0.033,4.9,6.8,0.7,-3.6,0.02,-3.1,3.7,-0.0515,-0.0117,-3.00E-04,0.0495,1.106
Tony Parker,35,55,1071,0.498,0.095,0.201,0.7,9.2,28.2,1.3,0.1,13.9,20.5,1.4,0.065,-4.1,27,-0.003,-2.6,-1.7,-0.8,-1.9,0.016,-0.5,3.9,-0.0609,-0.0112,0.0093,0.0022,0.049
Dwyane Wade,36,46,1069,0.519,0.161,0.308,4.2,14.7,23.3,1.9,2.5,15.7,24.3,1.3,0.057,-1.4,27,-0.03,1.1,-1.2,0.4,-3.6,-0.035,-0.1,-6.2,0.0281,-0.0033,0.003,0.0848,1.889
Norman Powell,24,70,1062,0.492,0.497,0.104,1.5,10.9,11.8,1.7,1.2,14.4,18.9,0.6,0.027,-2.8,27,-0.01,-3.9,-2.6,1.7,-7.8,0.023,1.4,3.1,-0.0879,-0.0291,0.0022,-0.0878,-1.943
Mike Muscala,26,53,1060,0.597,0.535,0.199,5.9,18.3,7.3,1.4,2.2,11,15.7,2.4,0.11,0.2,27,-0.012,-1.7,2.7,-2.5,1.4,-0.02,-3.1,-0.7,0.0244,-0.0102,0.001,0.1252,2.765
Alec Burks,26,64,1059,0.527,0.343,0.3,2.1,18.4,10,1.8,0.6,11.4,22.5,1.9,0.084,-2.8,27,-0.004,-3.5,1.2,-1.6,-1.1,0.024,-1.5,5.4,-0.0711,-0.0287,-0.0024,-0.0182,-0.402
James Ennis,27,45,1053,0.61,0.378,0.329,5.7,11.7,7,1.5,1.1,13,12.5,2,0.093,-0.7,27,-0.018,0.6,-0.5,0.5,-1.4,-0.023,0.6,-3.8,0.0147,-0.0033,0.0059,0.1103,2.42
Treveon Graham,24,63,1050,0.553,0.439,0.267,4.3,8.3,7.8,1.5,0.2,9.9,11.3,1.8,0.08,-0.9,26,-0.032,-1.4,1.1,-1.1,-4.1,0.013,1.3,1.1,-0.0505,-0.0263,0.0117,0.0149,0.326
Zach Collins,20,66,1045,0.475,0.391,0.145,4.7,18.2,7.1,0.8,2.4,15.9,15.4,0.6,0.03,-3.2,26,0.027,0.9,1,1,2.6,-0.001,-2.8,3.3,-0.0252,-0.0326,0.0046,-0.0232,-0.505
Andre Roberson,26,39,1037,0.543,0.222,0.235,7.8,12.2,6,2.2,3.1,14.4,8.6,2.2,0.1,1.5,26,-0.012,5.9,3.9,0.5,-1.5,-0.022,4,-11.5,0.0652,-0.0029,0.0158,0.1781,3.848
Vince Carter,41,58,1026,0.523,0.583,0.131,1.9,15.1,9.7,2.1,2.4,10.7,14.7,1.2,0.056,-1.1,26,0.002,0.4,-1.3,-0.1,1.2,-0.015,1.3,-3.3,0.0449,-0.0208,0.0066,0.0867,1.853
Wesley Iwundu,23,62,1020,0.48,0.211,0.216,3.9,11,7.8,1.6,0.9,11.2,11.6,0.7,0.032,-3.5,26,-0.04,1.4,2.1,-0.5,-4.1,-0.009,1.5,-3.8,0.0132,-0.024,0.0115,0.0327,0.695
Malcolm Delaney,28,54,1014,0.519,0.435,0.323,1,10,23.4,1.7,0.5,16.9,16.9,1,0.047,-3.6,26,-0.014,1.7,-2,-0.4,-1.1,-0.008,1.6,-2.4,0.0245,-0.0144,0.0121,0.0692,1.462
David West,37,73,999,0.6,0.021,0.209,7.7,18.2,20.5,2.3,5.9,16.2,21.7,3.5,0.168,3,25,-0.038,-0.2,0.5,1.3,-11,-0.026,0.9,-4.6,-0.038,-0.0337,-0.0051,0.0912,1.898
Frank Mason,23,52,984,0.48,0.226,0.303,3.3,12.1,22.7,1.7,1,13.1,22.6,0.5,0.027,-3.4,25,0.001,2.1,-1,-0.7,3,-0.019,1.3,-4.8,0.0654,-0.0173,0.0118,0.0869,1.781
Josh Huestis,26,69,982,0.417,0.632,0.11,4.6,13.9,2.7,0.8,4,12,9.5,0.5,0.024,-3.9,25,0.012,-0.7,-0.6,-0.3,2.5,-0.029,-1.9,-1.9,0.0229,-0.0407,3.00E-04,0.0065,0.133
Cristiano Felicio,25,55,977,0.614,0.009,0.377,8.8,17.1,8.4,0.8,1,17.7,13.6,1.7,0.086,-2.4,25,-0.044,1.1,-1.9,2.1,-9.9,0.019,1,3.5,-0.1077,-0.0224,-0.0026,-0.0467,-0.951
Tyler Dorsey,21,56,974,0.494,0.521,0.165,2,12.9,12.5,0.9,0.4,8.3,20,0.4,0.02,-4.2,25,-0.013,-0.7,5.6,-0.7,-1.7,0.001,-4.2,1.9,-0.0305,-0.0193,0.0151,-0.0147,-0.298
Zaza Pachulia,33,69,972,0.612,0.004,0.352,11,25,15.2,1.9,1.4,19.1,17,3.3,0.161,0.8,25,0.036,2.7,2.6,0.4,6.3,0.032,-0.6,1.3,0.0233,-0.0323,-0.0079,0.1441,2.918
Patrick McCaw,22,57,961,0.477,0.356,0.151,2,7.2,10.6,2.2,0.8,14.6,12.8,0.6,0.029,-3.4,24,-0.048,1,-2.4,-0.1,-6,0.023,0,5.6,-0.099,-0.022,0.012,-0.08,-1.602
Deyonta Davis,21,62,943,0.621,0,0.215,9,22,7.1,0.8,3.9,9.9,15.3,2.7,0.138,-0.9,24,0.007,1.5,-6,0.6,0.6,-0.01,-0.3,1.7,-0.0234,-0.0298,-0.0143,0.0705,1.385
Daniel Theis,25,63,936,0.616,0.249,0.348,10.7,21.2,9.1,1.6,4.3,17.2,15.5,3.5,0.178,2.6,24,-0.028,3.4,-0.7,0.2,-1.5,-0.002,0.6,0.9,-0.0376,-0.0348,-0.001,0.1046,2.04
Gerald Green,32,41,929,0.566,0.722,0.145,1.8,14.2,4.3,1.3,1.4,6.6,22.4,2.1,0.107,-1.9,24,-0.026,-5.2,0.8,-1.5,-7.3,-0.019,-1.4,-1,-0.0574,-0.0171,0.0069,0.0394,0.763
Jerryd Bayless,29,39,925,0.546,0.557,0.168,1.8,7.3,8,1.2,0.5,14.1,15.1,1.1,0.055,-2.7,23,-0.024,-1.1,-1.3,1.9,-6.3,0.021,0.5,5.1,-0.0783,-0.0097,0.013,-0.02,-0.385
Larry Nance,25,42,922,0.618,0.016,0.344,12.6,20.2,9.2,3.1,1.8,12.3,15.3,3.7,0.191,3.8,23,-0.021,3,-2.2,-0.4,-3,0.014,4.1,-2.4,0.0196,-0.0129,-6.00E-04,0.1971,3.786
Miles Plumlee,29,55,918,0.574,0,0.333,9.4,18.3,7.2,0.9,2.8,23.4,12.8,0.9,0.046,-2.5,23,-0.004,1.8,3.8,2.4,-4.1,-0.005,-2,-2.7,0.0045,-0.0223,0.0052,0.0334,0.639
Dion Waiters,26,30,918,0.487,0.415,0.168,1,8.5,19.8,1.3,0.8,13.7,25,0.1,0.004,-4,23,-0.009,-4.5,1.2,1.8,-6.8,0.012,0.6,1,-0.0528,0.0043,0.0158,-0.0287,-0.549
Jose Calderon,36,57,914,0.643,0.524,0.162,1.7,8.5,17.4,1.4,0.2,17.1,11.6,1.8,0.095,-1.9,23,0.029,-3.7,0.3,0.2,1.3,0.007,1.3,-2,0.0209,-0.0269,0.0068,0.0958,1.824
Kevon Looney,21,66,910,0.588,0.026,0.399,11,15.2,6,1.8,4.9,12,12.5,2.8,0.145,1.2,23,-0.023,3.8,3.2,-1.4,0.2,0.003,-0.6,0.2,-0.0085,-0.0342,0.006,0.1083,2.053
Jameer Nelson,35,43,897,0.52,0.537,0.083,1.4,9.9,22.2,1.2,0.3,20.9,13,0.8,0.045,-3.3,22,0.006,-2.3,-0.3,1.5,-1.2,0.019,0.5,3.4,-0.0533,-0.022,0.0095,-0.0208,-0.389
Sam Dekker,23,73,883,0.534,0.232,0.216,5.6,16,6.2,1.3,0.9,10.4,15.5,1.2,0.066,-3.1,22,0.007,0.9,-1.6,0,0.4,-0.027,1.2,-5,0.0758,-0.0465,-0.001,0.0943,1.735
Nikola Mirotic,26,30,872,0.539,0.516,0.152,5.3,24.6,6.8,1.6,2.4,7.1,21.8,1.9,0.106,-0.2,22,-0.011,1.1,0,-2.5,2.5,-0.014,-0.3,-2.3,-0.0042,-0.0019,0.0027,0.1026,1.864
Langston Galloway,26,58,863,0.503,0.641,0.121,1.6,10.3,10.1,2,0.5,4.8,19.3,1.4,0.08,-1.7,22,-0.009,-3.1,0.2,-0.4,-3.5,-0.036,1.5,-8.7,0.069,-0.0353,0.0086,0.1223,2.199
Malik Monk,19,63,854,0.477,0.572,0.089,1,7.5,16.9,1.1,0.9,9.8,24.9,0,0.001,-4.4,22,-0.036,-4.3,-1.2,-0.5,-8.6,0.027,-0.5,6.8,-0.1222,-0.0402,0.0106,-0.1508,-2.683
Tyrone Wallace,23,30,851,0.517,0.162,0.316,2.7,10.7,11.8,1.5,1.3,14.1,16.6,0.7,0.042,-2,22,-0.003,-1,-1.6,0.6,-1.8,-0.018,-0.4,-1.6,0.0184,0.0036,0.0105,0.0745,1.321
Tim Frazier,27,59,838,0.475,0.326,0.174,2.4,13.1,31.1,2.8,0.7,23.5,12.8,1.4,0.08,-2.1,21,-0.026,-0.5,2,-0.9,-3.6,0.031,0.7,2.1,-0.0497,-0.0411,0.016,0.0052,0.091
Michael Carter-Williams,26,52,835,0.446,0.258,0.389,4.7,13.3,19.4,2.6,2.3,16.2,16.6,0.9,0.05,-0.6,21,-0.054,3.8,0.1,-1.3,-4,0.007,2,-0.1,-0.0327,-0.0307,0.0147,0.0013,0.023
Blake Griffin,28,25,831,0.531,0.323,0.266,3.5,18.9,31.5,0.7,1,12.4,28.4,1.9,0.113,2.3,21,0,1,0.7,-0.2,1.3,-0.029,-1.8,-1.3,0.0161,0.0131,0.0112,0.1534,2.656
Paul Zipser,23,54,824,0.445,0.47,0.107,1.6,16,8,1.2,1.6,14.9,15.2,-0.6,-0.034,-5.9,21,-0.012,-3,-4.5,0.4,-4.9,0.003,0.7,1.7,-0.0515,-0.0329,0,-0.1184,-2.033
Jason Terry,40,51,814,0.525,0.747,0.058,0.7,6.2,9.7,2.6,1.4,13.7,10.1,0.7,0.042,-2.1,20,-0.003,1.1,1,0.7,0.1,0.005,1.9,-1.8,-0.011,-0.0347,0.0178,0.0141,0.239
Ekpe Udoh,30,63,810,0.56,0.008,0.467,9.6,11.4,9.1,2.7,7.7,12.1,9.1,3.2,0.187,5.7,20,-0.005,-4.4,0.8,-1.7,-1.1,0.004,1.6,-0.3,-0.0123,-0.0459,5.00E-04,0.1293,2.182
Jordan Bell,23,57,809,0.641,0.022,0.238,8.9,19,16.9,2.1,5.5,20,13.9,2.9,0.174,3.7,20,0.006,1.4,-1.4,-0.5,3.9,-0.02,0.2,-3.2,0.0405,-0.0337,-3.00E-04,0.1805,3.042
Devin Harris,34,44,807,0.56,0.44,0.394,1.2,10.8,16.4,2.1,0.9,12.8,21.5,1.4,0.085,-1.4,20,0.04,-1.4,0.6,0.5,6.9,-0.021,1.9,-6,0.0664,-0.0235,0.0158,0.1437,2.416
Timothe Luwawu-Cabarrot,22,52,807,0.511,0.592,0.217,1.9,7.5,9.3,0.7,0.5,11.5,17.5,0.8,0.046,-4.7,20,-0.041,0.4,-1.3,0.2,-4.7,-0.009,-0.3,1.3,-0.052,-0.0361,0.0139,-0.0282,-0.474
Thabo Sefolosha,33,38,806,0.591,0.35,0.225,4.1,18.4,6.3,3.2,1.3,10.2,16.4,2.6,0.156,1.9,20,-0.005,-2.5,-0.2,-1,0.2,0.016,1.5,0.2,-0.0091,-0.0169,0.0052,0.1352,2.27
Eric Moreland,26,67,805,0.531,0,0.238,10.9,27.6,13.3,1.9,5.6,23.8,9.7,2.3,0.135,2.6,20,-0.018,-4.1,-2.9,-0.6,-5.2,-0.02,3,-6,0.0284,-0.0483,-0.0194,0.0957,1.605
Trey Burke,25,36,785,0.563,0.273,0.148,1.8,8.2,36.4,1.5,0.4,9.5,25.1,2.4,0.145,1,20,0.033,-0.3,-2.7,-3.4,6.7,0.025,-0.6,8.4,-0.0308,-0.0093,0.0137,0.1186,1.94
Jawun Evans,21,48,778,0.421,0.213,0.194,1.3,10.4,17.8,2.3,0.6,13.8,17.7,-0.2,-0.011,-4.7,20,0,-1.9,-2.2,0.5,-1.7,-0.016,2.7,-3.1,0.0325,-0.031,0.0084,-0.0011,-0.018
Sterling Brown,22,54,776,0.503,0.444,0.117,4.1,17.5,4.5,2,1.4,10.4,14,0.7,0.043,-4,20,-0.046,3.2,-2.6,1.3,-5.7,-0.036,0.1,-2.9,-0.0304,-0.0412,0.0046,-0.024,-0.388
Shane Larkin,25,54,775,0.491,0.393,0.169,2.1,10.7,18.5,1.9,0.3,12.3,15.5,1.4,0.087,-2.1,20,-0.039,1.2,0.2,0.4,-6,0.006,3,-3.4,-0.0256,-0.0387,0.0177,0.0404,0.652
Terrance Ferguson,19,61,763,0.545,0.71,0.059,2.7,4.2,3.4,1.6,1.2,6,10.4,1.2,0.077,-2.5,19,-0.006,-0.8,-3.5,1.9,-5.1,0.022,-1.1,7.6,-0.0898,-0.0507,0.0112,-0.0523,-0.831
Nene Hilario,35,52,758,0.594,0.008,0.448,8.1,18,9.5,1.8,1.6,11.7,18.9,2.6,0.163,-0.8,19,0.024,-2.6,3.5,-0.2,2.9,-0.03,1.9,-7.1,0.0401,-0.045,0.0055,0.1636,2.584
Emmanuel Mudiay,21,42,752,0.504,0.317,0.242,2.4,11.6,24.1,1.4,0.4,16.8,24.8,0.3,0.019,-5,19,-0.034,0.3,-4,2.8,-9.4,0.002,0.3,3.2,-0.0947,-0.0316,0.0107,-0.0966,-1.513
Richaun Holmes,24,48,746,0.585,0.129,0.232,8.6,21.4,12.3,1.3,3.2,8.6,16.6,2.8,0.183,1.7,19,-0.017,0.1,-2.6,-0.3,-2.4,0.02,-1.3,5.6,-0.065,-0.0368,-0.0017,0.0795,1.236
Jae Crowder,27,27,744,0.499,0.515,0.19,2.8,12.7,8.6,1.6,1,9.1,21.3,0.9,0.06,-1.6,19,-0.011,0.3,-0.4,0,-0.2,-0.054,-0.2,-6.4,0.0236,-0.0019,0.014,0.0957,1.483
Jabari Parker,22,31,743,0.55,0.244,0.163,6.6,17.1,13.1,1.7,1.2,11.2,24.4,1.2,0.08,-1.8,19,-0.03,5.7,-3.7,0.4,-1.6,-0.004,-0.9,2.5,-0.0426,-0.0118,0.0089,0.0345,0.534
Quinn Cook,24,33,740,0.593,0.413,0.099,1.6,10.2,16.6,0.8,0.1,10.8,17.5,1.6,0.101,-2.2,19,-0.043,-3.4,-0.5,-1.3,-6.9,0.029,-0.3,4.3,-0.0621,-0.0079,0.0121,0.0431,0.664
Omri Casspi,29,53,740,0.632,0.106,0.333,4.9,24,9.5,1.2,2,13.5,16.3,2.2,0.14,-1.4,19,-0.022,0.2,0.3,2,-5.2,-0.022,-0.9,-2.6,-0.0145,-0.0355,0.0011,0.0911,1.404
Marco Belinelli,31,28,737,0.628,0.53,0.194,0.9,6.3,9.3,1.3,1,11.7,19.8,1.8,0.119,-0.8,19,0.026,1.9,0.3,-1.3,5.4,0.006,0.7,-2.2,-0.002,-0.0058,0.0197,0.1309,2.01
Salah Mejri,31,61,729,0.644,0.022,0.482,12.5,25.4,7.2,1.5,8.2,19,12.8,2.7,0.175,3.1,18,0.009,3.4,-1.1,-0.3,2.8,-0.038,-0.2,-4,0.0433,-0.0491,-0.0018,0.1674,2.542
Dwayne Bacon,22,53,713,0.431,0.224,0.13,0.6,18.5,7.5,1.1,0.2,10.2,13.7,-0.1,-0.007,-5.7,18,-0.009,-0.5,1.5,0,-1.4,-0.023,-0.6,-3.4,0.0039,-0.0424,0.0122,-0.0333,-0.495
Matthew Dellavedova,27,38,712,0.5,0.513,0.178,2.3,8.2,27.4,1,0,23,13.5,0.5,0.032,-5.9,18,-0.015,-3.5,0.5,-1.5,-3.2,0.015,-1,2.7,-0.0507,-0.0268,0.0121,-0.0334,-0.495
C.J. Williams,27,38,707,0.512,0.396,0.081,1.9,6.7,8.5,2.1,1.5,8.9,13.7,0.7,0.051,-1.4,18,-0.006,0.3,-0.4,0.5,-2.5,-0.003,0,-0.9,0.01,-0.024,0.0158,0.0528,0.778
Tyler Zeller,28,42,703,0.587,0.114,0.262,9.4,20,6.5,0.6,2.2,12.1,17.9,1.5,0.105,-2.5,18,-0.001,-0.7,3.6,-0.6,-0.1,-0.018,-2.4,-4.1,0.0253,-0.029,0.0062,0.1075,1.574
Joe Johnson,36,32,700,0.492,0.372,0.106,2,15.2,9.8,0.9,0.7,11.6,17.2,0.6,0.041,-3.3,18,-0.034,-4.2,-6.1,-0.1,-9.2,0.019,-0.2,6.1,-0.0746,-0.0166,0.0052,-0.045,-0.656
Corey Brewer,31,54,694,0.509,0.25,0.297,3.6,10.7,8.1,2.8,0.9,16.3,14.2,0.7,0.048,-2.7,17,-0.016,0.8,-4.2,0.5,-2.5,0.012,1.1,2.2,-0.0281,-0.0469,0.0107,-0.0163,-0.236
Wayne Selden,23,35,692,0.551,0.454,0.219,2.6,6.8,16,1.3,0.7,15.5,22.6,0.3,0.023,-4,18,0.005,0.2,1.3,0.7,-1.3,0.009,0.4,1.1,-0.0224,-0.0178,0.0168,-4.00E-04,-0.006
Chandler Parsons,29,36,691,0.578,0.517,0.115,2.3,13,16.4,1.3,1.5,12.5,18.3,1.1,0.077,-1.2,18,0.038,-4.9,1.2,-1.4,4,0.018,-1.5,4.6,-0.0224,-0.0196,0.0092,0.0442,0.636
Jared Dudley,32,48,686,0.553,0.656,0.287,1.2,13.6,15.6,1.7,1.3,16.9,10.2,0.8,0.058,-1.9,17,0.029,-1.7,-0.3,-1.7,6.4,-0.002,3.1,-4.4,0.0859,-0.0368,0.0106,0.1177,1.682
Tyler Ennis,23,54,683,0.473,0.25,0.129,3,11.8,21.9,2.1,1.2,13.8,17.1,0.8,0.058,-2.9,17,-0.022,-3.1,0.8,-0.8,-3.3,-0.026,-0.3,-3.9,0.0335,-0.048,0.0114,0.0549,0.781
Arron Afflalo,32,53,682,0.516,0.432,0.16,0.6,10.1,6.2,0.3,1.1,10.8,12.5,0.1,0.009,-5.8,17,-0.001,-2.5,-2.6,1.1,-2,-0.032,-1.7,-0.6,-0.0017,-0.0422,0.0099,-0.025,-0.355
Marreese Speights,30,52,675,0.539,0.668,0.158,3.4,18.4,9.8,0.6,2.6,9.7,26.9,0.6,0.045,-2.8,17,0.002,-0.6,-2,-1,2.2,-0.055,-1.3,-4.1,0.0387,-0.0418,0.0047,0.0466,0.655
Cedi Osman,22,61,672,0.577,0.468,0.247,3.2,16.6,8.7,1.6,0.4,13.4,15.7,0.9,0.064,-2.9,17,0.003,2.1,1.7,0,2.3,-0.001,0.2,-1.1,0.0156,-0.0516,0.0091,0.0371,0.519
Danilo Gallinari,29,21,671,0.545,0.434,0.34,1.5,14.9,8.9,0.9,1.2,8.1,20.6,1.2,0.088,-1.4,17,-0.038,0.6,2.5,-0.7,-4,-0.011,-0.5,-4,0.0222,0.0083,0.0158,0.1343,1.877
George Hill,31,24,669,0.551,0.412,0.219,3.4,7.3,14,1.6,1.9,12,15.4,1.1,0.077,-0.6,17,0.027,3.7,2.6,-2.2,9.9,-0.003,-0.7,0,0.0251,0.0027,0.0189,0.1237,1.724
Mike James,27,32,669,0.476,0.311,0.269,1.9,12.5,29,1.9,0.8,12.1,25.2,0.3,0.021,-2.4,17,-0.002,2.3,1.4,-2.1,3,-0.025,0.1,-6.4,0.0712,-0.0151,0.017,0.0941,1.312
Zach LaVine,22,24,656,0.499,0.346,0.301,1.4,14.4,18.6,1.8,0.5,9.7,29.5,0.3,0.025,-2.7,17,-0.009,-1.5,0.9,-1.8,0.1,0.037,-0.8,6.8,-0.0417,-8.00E-04,0.0148,-0.0027,-0.037
Kobi Simmons,20,32,643,0.49,0.206,0.132,2.5,6.6,16.5,1.4,0.7,18,17,-0.2,-0.013,-6,16,-0.002,1.9,-1.5,0.4,-1.7,0.054,-2.2,11.1,-0.0735,-0.0176,0.0168,-0.0873,-1.169
Jordan Clarkson,25,28,632,0.565,0.376,0.202,2.3,7.9,12,1.5,0.4,9.3,24.1,1,0.073,-3.1,16,-0.032,0.9,-2.1,-1.9,-3.9,-0.027,0,-1.9,-0.004,-0.0108,0.0143,0.0725,0.955
Torrey Craig,27,39,629,0.535,0.423,0.255,7.2,15.5,5.4,0.9,2,11.6,11.9,0.9,0.069,-2.5,16,-0.005,-2,2.3,-1.2,-0.3,-0.004,-3,2.5,-0.042,-0.0394,0.0109,-0.0015,-0.02
Cody Zeller,25,33,627,0.602,0.019,0.545,11.4,19.3,7.4,1.1,2.8,14.6,15.7,1.9,0.145,0.7,16,-0.023,0.2,4,-1.3,-1.4,-0.006,1.5,-3.2,-0.0019,-0.024,0.012,0.1311,1.712
Nikola Mirotic,26,25,622,0.624,0.533,0.262,3,25.3,11,1.2,1.9,8.4,25.7,2,0.158,1.9,16,0.036,1.6,-2.2,-1.9,11,-0.026,-0.1,-2.5,0.0375,-0.0072,0.0094,0.1977,2.562
JaVale McGee,30,65,615,0.641,0.027,0.237,11.5,18.7,8,1.6,7.3,10,19.2,2.7,0.212,2.6,16,-0.007,0.5,-0.5,0.5,0.1,0.018,-0.3,2.9,-0.029,-0.0602,3.00E-04,0.1231,1.577
Terrence Ross,26,24,600,0.505,0.487,0.188,1.8,11.6,9.3,2.2,1.5,12.3,17.3,0.3,0.025,-2.1,15,0.018,-2.6,-0.3,-0.6,0.5,-0.002,1.9,-1.3,0.0094,-0.0049,0.0146,0.0441,0.551
Doug McDermott,26,26,596,0.611,0.439,0.156,1.3,11.4,7.5,0.8,0.6,10.3,16.3,1,0.077,-2.2,15,0.019,2.4,-0.9,-1.5,5.4,-0.028,-2.2,-1.3,0.0249,-0.0136,0.0204,0.1087,1.35
Malik Beasley,21,62,583,0.509,0.461,0.185,2.7,11,7.4,1.3,1,11.1,16.2,0.3,0.028,-5.1,15,-0.033,0.3,-1.2,-0.1,-4.7,-0.018,0.2,-1.7,-0.0359,-0.0716,0.0134,-0.0661,-0.803
Cameron Payne,23,25,582,0.498,0.423,0.074,3.2,9.8,29.9,2.2,1.4,14,19.3,0.8,0.063,-0.9,15,-0.002,4.6,-0.4,0.8,0.7,0.015,1.6,1.3,-0.0127,-0.0119,0.0193,0.0577,0.7
Cheick Diallo,21,52,581,0.619,0,0.375,9.1,29.6,4.7,0.9,2.9,12,17.4,1.9,0.157,-3.1,15,-0.019,1,-1.8,0.5,-4.3,0.022,-1.2,6,-0.0732,-0.0625,-0.0038,0.0175,0.212
Khem Birch,25,42,578,0.582,0,0.484,13.2,21.1,8.5,1.3,2.9,12.1,13.2,1.8,0.15,0.3,15,-0.018,6.9,3.4,-0.9,2.9,-0.011,0.1,-3.4,0.0308,-0.04,0.0105,0.1513,1.822
Brandon Paul,26,64,576,0.504,0.425,0.339,1.1,12,9,2.2,1,16.6,13.6,0.5,0.044,-2.8,15,-0.006,-2.4,-1.4,3.8,-6.9,0.001,3.6,-3.7,-0.0134,-0.0627,0.0122,-0.0199,-0.239
Luke Babbitt,28,37,570,0.636,0.661,0.131,1,14.9,7,0.6,0.8,7.8,14.8,1.1,0.094,-2,14,0.025,-1.7,0.1,-0.5,3.7,0.017,0.3,2.1,0.0071,-0.0317,0.0141,0.0835,0.992
Alex Caruso,23,37,562,0.519,0.371,0.259,2.9,9.4,17.8,2,1.4,24.5,12.9,0.5,0.041,-2.9,14,-0.01,-1.6,0.9,-0.3,-3.1,-0.002,2.6,-5.6,0.0423,-0.0395,0.0173,0.0611,0.715
Joe Young,25,53,558,0.521,0.355,0.156,2.4,10.3,9.9,1.3,0.2,11.6,18,0.5,0.043,-4.7,14,-0.043,0.9,1.5,-1.2,-6.2,-0.008,-3.3,3.7,-0.0562,-0.065,0.0206,-0.0576,-0.67
Ersan Ilyasova,30,23,554,0.537,0.392,0.212,8.9,20.6,10.4,1.5,1.4,11.1,20.1,1.4,0.125,0.1,14,-0.007,-2.2,1.7,-2.8,0.4,-0.018,-0.4,-4.5,-0.012,-0.0144,0.0104,0.109,1.258
James Ennis,27,27,551,0.558,0.426,0.265,3.9,9.6,5.9,1.4,1,9,16,1,0.09,-1.7,14,0.003,1.6,-0.2,0.1,0.7,0.017,-2.1,6.2,-0.0275,-0.0217,0.0175,0.0583,0.669
Elfrid Payton,23,19,551,0.481,0.12,0.258,3.2,16.3,33.7,1.7,0.9,18.8,22.1,0.1,0.009,-2.1,14,-0.02,-3.4,-1.7,-0.7,-6.3,0.027,-1.2,7.6,-0.0356,0.0024,0.0128,-0.0114,-0.131
Channing Frye,34,44,545,0.604,0.533,0.089,2.1,20.3,7.5,1.5,1.9,8.8,15.6,1.2,0.104,-1.3,14,0.032,-3.9,-0.7,-0.2,2.2,-0.026,0.5,-4.9,0.0281,-0.0468,0.0047,0.09,1.022
Tarik Black,26,51,536,0.582,0.087,0.496,13.4,20.9,3.7,1.9,4.8,18.4,15.6,1.5,0.136,-1,14,-0.063,0.1,-0.6,3.9,-16.4,-0.005,-0.2,2.3,-0.1034,-0.0673,0.0039,-0.0308,-0.344
Jonathan Isaac,20,27,536,0.465,0.317,0.172,3.3,17.2,4.8,3,4.5,14.8,15,0.2,0.021,-1.8,14,-0.029,-5.2,0.3,2,-10.6,-0.035,1.2,-7.6,0.0051,-0.0198,0.0106,0.0169,0.189
Joffrey Lauvergne,26,55,534,0.536,0.026,0.247,13,22.6,12.2,0.9,0.5,13.5,20.4,1.3,0.12,-1.6,14,0.007,0.9,-4.1,3.8,-4.1,0.023,1.7,5.3,-0.0582,-0.0587,8.00E-04,0.0039,0.043
Devin Harris,34,27,533,0.568,0.6,0.341,0.6,8.2,17.7,1.3,0.6,12.1,18.2,1.1,0.096,-2.8,13,0,-2.3,-3.9,-1.5,2.1,-0.006,-2,4.2,-0.0375,-0.0295,0.0166,0.0456,0.506
Rodney Hood,25,21,532,0.533,0.357,0.161,1.7,9.5,8.4,1.4,0.8,3.2,18.3,0.8,0.074,-2.7,13,0.005,-0.3,0.2,-3.6,2.8,-0.003,-1,2.3,-0.0024,-0.0058,0.016,0.0818,0.907
Abdel Nader,24,48,522,0.439,0.436,0.262,2.8,12,7.1,1.4,1.6,17,17.1,-0.1,-0.014,-5.6,13,-0.032,0.8,3.8,4.1,-8.8,0.048,-0.8,7.3,-0.0821,-0.0585,0.0218,-0.1328,-1.444
Justin Anderson,24,38,519,0.54,0.51,0.188,5.4,13.6,7.1,1.4,1.1,6.8,19.3,1.2,0.115,-2,13,-0.044,-2.3,-3.2,-0.4,-8.4,0.006,-0.7,3.9,-0.0596,-0.0478,0.0098,0.0174,0.188
Tyler Cavanaugh,23,39,518,0.567,0.586,0.138,9.7,17.7,7.8,0.8,0.7,8,14.8,1.2,0.109,-1,13,0.002,3.8,3,-1.9,2.8,0.03,1.1,0.5,0.0129,-0.0411,0.0142,0.095,1.025
Ivan Rabb,20,36,516,0.599,0,0.237,11.6,24.1,10.4,1.2,2.4,17.3,17.7,1.2,0.109,-1.5,13,0.005,3.4,-0.5,1.8,0.4,0.028,0.5,4.4,-0.0297,-0.0393,0.0067,0.0467,0.502
Corey Brewer,31,18,514,0.565,0.465,0.271,4.2,9.2,6.7,3.7,1.1,6.4,14.4,1.6,0.15,2.1,13,0.013,-0.1,0.8,-0.5,3.2,0.033,-0.1,2.8,-0.0124,-0.0066,0.0173,0.1483,1.588
Joe Johnson,36,23,505,0.485,0.455,0.157,0.5,13.9,10.7,0.6,0.2,11.2,14.1,0.4,0.038,-4.4,13,-0.05,-3.8,-1.4,-1.9,-8.9,-0.015,-1.2,-1.3,-0.044,-0.0256,0.0162,-0.0154,-0.162
Larry Nance,25,24,499,0.585,0.05,0.313,12.1,25.5,7.6,2.8,3.1,5.2,17,2.1,0.206,2.6,13,-0.024,0.5,-1.4,-2.4,-2.2,-0.044,2.4,-7.7,0.0187,-0.0182,0.0056,0.2121,2.205
Raul Neto,25,41,498,0.55,0.311,0.232,1.6,9.5,23,1.3,0.7,17.8,18.3,0.9,0.086,-3.2,13,-0.005,-1.1,1.8,-1,1.2,-0.047,-1.8,-6.3,0.0244,-0.0539,0.0175,0.074,0.768
Greg Monroe,27,26,496,0.58,0,0.348,11.9,24.4,20.5,2.8,2.9,17.4,24.9,2,0.193,4.5,13,-0.013,2.5,-2.1,2.7,-5.1,0.05,0.5,7,-0.0567,-0.027,0.0125,0.1218,1.259
Trevor Booker,30,33,494,0.618,0.064,0.358,10.7,15.7,7.6,1.6,1.9,13.7,12.6,1.7,0.163,0.7,13,-0.028,-0.9,-0.9,0.6,-4.7,0.028,-0.2,5.8,-0.0555,-0.0431,0.0096,0.074,0.762
Emmanuel Mudiay,21,22,493,0.428,0.225,0.25,2.3,10.8,25,2,1.2,15.3,23.7,-0.3,-0.034,-4.3,12,-0.026,-2.1,-1.4,-1,-5.1,0.046,-0.8,6.7,-0.04,-0.0128,0.0168,-0.07,-0.719
Al Jefferson,33,36,484,0.563,0.014,0.173,7,26.2,10,1.7,4.2,8.6,22.5,1.6,0.158,-0.5,12,-0.014,-3.8,-1.1,-2.1,-1.2,-0.007,-3.4,2.5,-0.0306,-0.0522,0.0094,0.0846,0.853
Kyle Collinsworth,26,32,480,0.433,0.172,0.404,7.2,18,16.4,1.8,1.7,17.1,13.3,0.5,0.046,-1.8,12,-0.026,7.5,2.5,-1.8,2,0.004,-0.4,0.6,0.0108,-0.0403,0.0203,0.0368,0.368
DeAndre Liggins,29,31,480,0.424,0.554,0.077,1.2,10.7,7.3,2.8,1.8,16.2,7.5,0.2,0.02,-2.2,12,-0.042,-3.5,-1.8,-1.4,-8.3,0.01,1.1,2,-0.0509,-0.0418,0.0135,-0.0592,-0.592
Nik Stauskas,24,35,478,0.547,0.66,0.18,0.9,13.2,11.9,0.5,0.6,12,16.7,0.4,0.038,-3.9,12,0.004,-2.6,0.8,0.2,-2.5,-0.017,-1.9,-2.2,-0.0067,-0.0444,0.0156,0.0025,0.025
Noah Vonleh,22,33,476,0.543,0.063,0.323,8.1,30,3.8,0.6,1.9,12,11.5,1.2,0.117,-3.3,12,-0.017,-1.8,3.3,1.8,-6.2,-0.008,-1.7,-1.3,-0.0204,-0.0458,0.0112,0.062,0.615
Damyean Dotson,23,44,474,0.532,0.422,0.143,2.1,17.5,9.5,1.3,0.4,9,17.3,0.6,0.06,-3.1,12,-0.01,-3.1,-2.3,1,-7,-0.046,0.6,-6.3,0.0064,-0.0551,0.0101,0.0214,0.211
Nerlens Noel,23,30,472,0.558,0.01,0.267,10.9,29.3,6.3,3.3,4.1,18.1,13.8,1.3,0.135,1,12,-0.051,1.9,1.7,2.6,-11,0.007,1.1,-1.3,-0.0094,-0.0378,0.0114,0.0992,0.975
Dwyane Wade,36,21,467,0.465,0.166,0.223,2.6,14.5,23.9,2,2.7,15,30.7,-0.1,-0.014,-3.7,12,-0.047,1.3,-2.1,-0.8,-4.9,0.008,1.5,1.6,-0.0293,-0.0231,0.019,-0.0474,-0.461
Greg Monroe,27,20,465,0.642,0,0.297,11.3,25.7,18.2,1.6,1,18.6,19.6,1.4,0.142,2.3,12,-0.002,2.7,-1.1,1.8,0.5,0.048,1.6,8.1,-0.0147,-0.0129,0.011,0.1254,1.215
Kenneth Faried,28,32,461,0.552,0.007,0.345,16.7,20.7,5.8,1.3,2.4,11.9,18.3,1.3,0.132,-2.3,12,-0.066,8.1,5.4,0.9,-7.4,0.006,-1.4,-0.1,-0.0466,-0.0489,0.0156,0.0521,0.5
T.J. Leaf,20,53,459,0.545,0.309,0.118,7.2,13,2.8,0.5,0.8,6.5,14.9,0.8,0.082,-4.8,12,-0.033,2.5,-1.5,-0.3,-4.2,0.023,-3.8,9.2,-0.0688,-0.079,0.0165,-0.0493,-0.471
Isaiah Thomas,28,17,456,0.52,0.445,0.278,2.4,6,28.8,0.6,0.2,17.5,28.7,0.2,0.024,-4.6,11,0.033,-0.4,-0.7,0,6.5,0.003,-2,4.3,0.0148,-0.0088,0.0211,0.0511,0.485
DeAndre' Bembry,23,26,455,0.477,0.234,0.258,2,15.7,15.9,2.3,2.3,24.8,18.2,-0.4,-0.04,-4.4,12,-0.004,-0.2,-1.1,0,-2.5,0.003,2.2,-3.6,0.0135,-0.0268,0.0159,-0.0374,-0.355
Dorian Finney-Smith,24,21,448,0.482,0.554,0.124,5.3,13.6,8.4,1.1,0.8,14.1,15.1,0.1,0.015,-3.1,11,-0.031,5.1,1.6,-0.3,-4.5,-0.017,0.3,-5.2,0.0136,-0.021,0.022,0.0296,0.276
Dante Cunningham,30,22,447,0.561,0.432,0.115,6.6,18.5,7.6,1.3,2.3,10.4,15.8,0.9,0.092,-0.6,11,0.019,-2.5,4.1,-2.1,3.6,0.035,0.1,3.4,-0.0139,-0.0226,0.0154,0.0709,0.66
Dwight Buycks,28,29,427,0.498,0.227,0.207,3,7.7,22.4,2.2,0.4,15.3,26.4,0.2,0.027,-4.3,11,-0.01,-1.5,0.5,-0.1,-3.8,-0.02,0.9,-4.4,0.0095,-0.0429,0.0181,0.0117,0.104
Willie Reed,27,39,419,0.669,0.017,0.458,9.3,22,3.3,1,4.4,11.6,16.8,1.5,0.171,-0.8,11,0.002,-0.8,-1.4,0.1,0,0.008,3.8,-2.3,0.0264,-0.0606,0.0071,0.1439,1.256
Isaiah Canaan,26,19,418,0.543,0.485,0.375,1.5,9.9,26.9,1.8,0.2,15.5,19,0.7,0.075,-2.2,11,0.034,-0.4,-0.1,-0.7,8.6,-0.011,0.6,-2.9,0.0462,-0.0173,0.0186,0.1225,1.067
Lucas Nogueira,25,49,418,0.661,0.238,0.35,4.9,18.1,7.2,2.7,8.2,14.8,11.4,1.6,0.188,5.4,11,0.002,-7.2,-2.8,-1,-5,-0.022,4.4,-7.8,0.0266,-0.0725,0.0088,0.1509,1.314
Ivica Zubac,20,43,410,0.557,0.008,0.418,11.8,20.1,8.8,0.9,3,15.3,17.6,1,0.118,-2.2,10,-0.023,0,2.9,0.6,-4,-0.053,-0.3,-10.6,0.0646,-0.0695,0.0127,0.1258,1.075
Isaiah Thomas,28,15,406,0.493,0.448,0.351,2,6.5,25.1,1.1,0.4,15.5,28.9,-0.1,-0.008,-5.8,10,-0.036,-2.9,-0.1,0.4,-7.8,0.054,-2.1,11.5,-0.0346,-0.0051,0.017,-0.0307,-0.26
Tyler Zeller,28,24,406,0.622,0.019,0.181,13.6,18.4,7,0.9,2.9,9.6,13.9,1.4,0.163,-0.1,10,-0.009,7.6,2.1,-0.1,2.7,0.007,-1,-0.5,-0.0178,-0.0385,0.0153,0.122,1.032
Damion Lee,25,15,404,0.489,0.395,0.191,3,16.6,11.2,2.3,0.2,7.8,19.3,0.4,0.046,-2.1,10,-0.024,-2.3,4.6,-1.9,-3.2,-0.03,-2.7,-4.5,0.0117,-0.0032,0.019,0.0735,0.619
Danuel House,24,23,403,0.533,0.45,0.24,3.4,17,9.4,0.8,1.2,7.2,16.2,0.6,0.066,-2.7,10,0.033,-3.1,2.6,0,5.8,-0.034,-1.6,-8,0.0581,-0.0306,0.0159,0.1094,0.919
Noah Vonleh,22,21,399,0.484,0.435,0.196,9.1,30.4,8,1.6,1.3,9.6,18.1,0.5,0.059,-2.8,10,-0.022,3.6,-3.9,-1.1,1.8,-0.025,1,-2.9,0.0029,-0.0279,0.0114,0.0454,0.377
Trevor Booker,30,18,395,0.536,0.08,0.287,10.1,22,16.2,1,0.9,15.1,21.8,0.6,0.072,-1.5,10,0.043,4.8,-2,-0.3,8.7,0.004,3.2,-0.8,0.0131,-0.0196,0.0152,0.0807,0.664
Ron Baker,24,29,385,0.504,0.559,0.441,1.4,7.2,15.5,3.3,1.3,20.4,10,0.5,0.059,-1,10,0.021,1.3,-2.3,0.5,3.8,-0.022,2.4,-3.8,0.0209,-0.0451,0.0195,0.0543,0.436
Shaquille Harrison,24,23,384,0.54,0.21,0.306,2.5,14.7,22.2,3.2,1.5,13.5,18,0.8,0.094,0.2,10,0.058,-2,3,0.4,8.4,-0.008,2.9,-8.8,0.0672,-0.0338,0.0174,0.1448,1.158
Johnny O'Bryant,24,36,379,0.47,0.251,0.146,8.1,18.6,5.9,1.2,1.3,7.6,22.5,0.3,0.038,-5.3,10,-0.087,-3.3,-0.7,-2.8,-14.6,-0.011,2,-2.3,-0.0388,-0.0627,0.0134,-0.0501,-0.396
Myke Henry,25,20,378,0.472,0.532,0.092,3,8.8,8.9,4.1,1.5,14.4,15.7,0.1,0.017,-1.3,10,0.013,2.4,-1.8,-0.3,4,0.032,1.9,2.4,-0.0101,-0.0268,0.0182,-0.0017,-0.013
Mike Conley,30,12,373,0.52,0.458,0.393,0,8.6,22.2,1.6,0.8,8.4,25.9,0.6,0.077,-2.3,9,0.007,-5.9,-1.8,-1.9,1.8,-0.042,-0.2,-5,0.001,0.0018,0.0175,0.0973,0.756
Brandan Wright,30,27,366,0.595,0,0.333,9.9,19.7,5.8,1.8,6.4,6.6,14.9,1.2,0.163,1.1,9,-0.001,3.1,-2.3,-0.3,0.8,-0.066,2.9,-11.7,0.0242,-0.0458,0.013,0.1544,1.177
Timofey Mozgov,31,31,359,0.617,0.194,0.323,9.4,19.7,4.8,0.7,2.7,23.7,16.8,0.4,0.055,-4.1,9,-0.028,-2.5,6,3.9,-11.9,0.012,1.1,-2.5,-0.0322,-0.0566,0.015,-0.0188,-0.141
Emeka Okafor,35,26,353,0.545,0,0.232,14.9,21.7,3.1,1.1,5.6,11,14.4,1,0.14,-1.3,9,-0.042,4.5,-1.9,-1.5,-4.5,-0.026,0.4,-4.2,-0.0229,-0.0562,0.0113,0.0722,0.531
JaKarr Sampson,24,22,344,0.585,0.123,0.198,6.7,19.7,3.9,1.2,6.1,8.3,12.5,0.8,0.114,-0.7,9,-0.013,-0.2,-0.4,-0.4,-2.1,-0.076,0.1,-10.5,0.0287,-0.039,0.0174,0.1211,0.868
Glenn Robinson,24,23,338,0.529,0.4,0.129,3.7,8.6,6.8,1.9,0.3,5.3,12.5,0.6,0.088,-1.8,9,-0.038,2.4,2.3,-2.6,-2.8,-0.012,-0.4,-1.6,-0.02,-0.0508,0.0246,0.0418,0.294
Patrick Beverley,29,11,334,0.53,0.504,0.143,5.3,9.4,13.8,2.6,1.3,16.5,19.6,0.4,0.054,0.6,8,-0.013,6.4,-0.6,0.2,1.7,0.007,2.6,-2.7,0.0228,-0.0039,0.0199,0.0928,0.646
Henry Ellenson,21,38,329,0.476,0.411,0.199,3.3,24.3,9.4,0.8,0,10.2,23.8,0.1,0.02,-6.8,8,-0.016,-3.7,4.8,0.8,-7.9,-0.027,-0.4,-7.6,0.0101,-0.0766,0.0144,-0.0321,-0.22
Jahlil Okafor,22,26,328,0.593,0.031,0.194,5.5,19.3,5.9,0.4,3.6,11.4,20.9,0.6,0.089,-4.3,8,-0.032,-6.5,1.6,1.9,-11.4,0.026,-2.3,7,-0.0594,-0.0526,0.0146,-0.0084,-0.057
Luke Kornet,22,20,326,0.516,0.632,0.088,3.8,18,11.6,0.9,4.2,8.5,19,0.5,0.077,0.2,8,0.006,-8,-1.1,-2.1,-3.6,0.018,-0.6,5.9,-0.0229,-0.0353,0.0152,0.034,0.231
Malachi Richardson,22,25,319,0.445,0.443,0.25,1.7,10.4,5.7,1.6,0.3,9.3,15.2,-0.1,-0.016,-6.3,8,-0.012,-2.5,-3.5,-1.5,-0.3,0.028,4,-0.7,0.0074,-0.0511,0.0194,-0.0403,-0.268
Antonio Blakeney,21,19,314,0.471,0.364,0.273,1.3,10.3,10.1,1.1,0.3,6.4,23.7,0,-0.006,-6.8,8,0,1.1,-2.2,-3.7,7.4,-0.016,-0.8,0.8,3.00E-04,-0.0382,0.0196,-0.0243,-0.159
Derrick Rose,29,16,308,0.523,0.182,0.311,3.7,6.8,13,0.5,1.1,15.7,25.6,-0.1,-0.014,-7.7,8,-0.014,-0.9,-3.4,2.6,-4.4,0.023,1.2,4.6,-0.0139,-0.0278,0.0167,-0.039,-0.25
Ryan Arcidiacono,23,24,304,0.55,0.756,0.146,0.3,8.8,15.5,2.1,0,23,8.1,0.3,0.04,-4.1,8,-0.007,-1.7,-0.2,0,-2.4,-0.011,2.4,-5.1,-1.00E-04,-0.0533,0.0196,0.0062,0.039
Shabazz Muhammad,25,32,301,0.446,0.157,0.256,5.7,11.6,3.4,0.8,0.6,3.6,20.5,0,0.008,-8.4,8,-0.028,-2.8,-0.4,3.1,-10.3,0.088,-0.5,14.2,-0.0651,-0.0831,0.0169,-0.1233,-0.773
Rodney McGruder,26,18,299,0.595,0.479,0.11,4.1,7.9,8.4,1.3,0.9,5,12.1,0.8,0.125,-0.6,8,0.016,6.4,0.6,-2.6,7.9,0.043,2.5,1.4,-0.0016,-0.0444,0.0243,0.1033,0.643
Troy Williams,23,17,290,0.572,0.33,0.27,8.1,14.5,7.7,3.2,1.2,13.9,19.5,0.6,0.105,0.9,7,0.035,-0.3,-2.7,-0.2,4.5,-0.001,0,3.6,-0.0035,-0.034,0.0179,0.0854,0.516
Rodney Purvis,23,16,290,0.423,0.486,0.14,0.4,9.9,8.5,0.5,0.8,8.1,18.7,-0.3,-0.056,-7.9,7,-0.052,-1.3,1.3,-3.9,-6,-0.011,-0.3,0.1,-0.0037,-0.0315,0.02,-0.0712,-0.43
Jason Smith,31,33,285,0.455,0.278,0.183,7.2,13.9,7.4,0.5,4,11.4,21.7,0,0.003,-6,7,-0.057,-4.8,0,0.2,-10.5,0.018,-0.3,5.1,-0.0426,-0.0809,0.0206,-0.0999,-0.593
Jordan Mickey,23,23,284,0.515,0.195,0.232,7.1,25.3,4.8,1.1,3,16.6,17.1,0.3,0.054,-5.1,7,0,2,-4.2,2.8,-1.6,0.027,0.1,4.9,-0.0255,-0.0613,0.0175,-0.0153,-0.091
Jamel Artis,25,15,279,0.457,0.367,0.152,1.6,13.5,9.3,0.4,0.9,8.7,14.5,0,-0.006,-5.9,7,-0.04,1.8,3.4,-3.5,0,-0.02,-1,-2.7,0.0073,-0.0305,0.0205,-0.0087,-0.051
Juan Hernangomez,22,25,277,0.511,0.667,0.16,7.4,14.6,5.9,1.1,0.9,10.1,14,0.4,0.061,-3.3,7,-0.017,5.6,-1.2,1.6,-4.7,0.026,1.7,2.1,-0.0379,-0.0687,0.0198,-0.0258,-0.149
Iman Shumpert,27,14,276,0.48,0.448,0.259,2.9,13.6,8.1,1.6,1.2,19.9,12.9,0,-0.006,-4,7,-0.007,1.5,-3.3,1.9,-2.4,-0.046,1.8,-6.3,0.0054,-0.0277,0.0169,-0.0114,-0.066
Jamil Wilson,27,15,274,0.634,0.778,0.049,1.2,11.5,5.2,0.9,2.4,8.8,14.3,0.5,0.096,0,7,-0.003,-1.3,3.5,-0.7,-2.7,-0.03,-1.8,-1.8,0.0155,-0.035,0.0194,0.0959,0.547
Tony Allen,36,22,273,0.514,0.132,0.231,8.2,10.4,4.6,1.9,0.9,15.9,18.9,0.1,0.017,-5.2,7,-0.009,2.3,-0.8,1.3,-1.3,-0.008,1.1,-3,-0.0221,-0.0637,0.0172,-0.0516,-0.293
Trevor Booker,30,17,269,0.512,0.167,0.131,13.5,18.8,9,0.7,1.6,9.2,16.2,0.7,0.118,-1.3,7,-0.059,3.7,7.7,-2.3,-6.4,-0.008,0.1,-4.2,-0.0195,-0.049,0.0231,0.0726,0.407
Willy Hernangomez,23,22,262,0.612,0.084,0.747,15.8,32.4,7.1,1.9,2.9,7.5,19.7,1.5,0.266,2.2,7,-0.01,-1.1,-0.4,-2.6,2.7,0.02,0.7,-1.3,-0.007,-0.059,0.0147,0.2147,1.172
Meyers Leonard,25,33,254,0.676,0.333,0.141,5.2,24.7,10.6,1.4,0,10.8,16.1,1.1,0.2,0.9,6,0.01,-8.3,4.2,0.1,-3.2,0.065,0.6,8.7,-0.0324,-0.0899,0.0181,0.0958,0.507
Markelle Fultz,19,14,253,0.416,0.009,0.189,4.9,13.1,31.3,2.3,1.3,12.4,23.1,0.2,0.043,-3,6,-0.028,-2.6,0.5,-3.3,-5.5,-0.03,0,-6.4,-0.023,-0.0395,0.0191,-4.00E-04,-0.002
DeAndre Liggins,29,27,244,0.537,0.415,0,0.9,10.3,10.7,2,1.3,14.6,8.5,0.3,0.062,-2.2,6,-0.038,-6.9,2.1,-0.9,-10.7,0.04,-0.1,8.6,-0.0527,-0.0834,0.0171,-0.057,-0.29
Davon Reed,22,21,242,0.388,0.5,0.158,0.9,16.6,7.6,2,0.7,11,16,-0.3,-0.059,-6.7,6,-0.055,-6,0.9,-2.2,-10.6,-0.006,2.2,-3.8,0.0087,-0.059,0.0178,-0.0915,-0.461
Isaiah Hicks,23,18,240,0.501,0.125,0.25,4.6,14.3,9.5,0.4,1.4,16.7,17.4,0,-0.003,-5.6,6,0.011,-5.8,-1.5,-1.1,-2.7,-0.013,-0.8,2.1,-0.0093,-0.0494,0.0181,-0.0436,-0.218
Guerschon Yabusele,22,33,235,0.559,0.607,0.361,8,16.1,10,0.9,1.8,14.5,15.7,0.6,0.122,-0.7,6,-0.026,8.4,2.1,2.3,-2.8,0.046,1.6,2.5,-0.0298,-0.0941,0.0241,0.0222,0.109
Dante Exum,22,14,235,0.566,0.207,0.356,2,10.5,29.7,1.7,1.1,16.6,23.1,0.7,0.133,-1.2,6,0.025,2.4,-2.8,0.2,1.6,-0.04,-0.3,-2.1,-0.0044,-0.0433,0.0205,0.1058,0.518
Aaron Harrison,23,9,233,0.392,0.623,0.246,1.8,9.9,6.7,1.9,0.8,3.8,15.5,-0.1,-0.014,-4.1,6,-0.048,2.2,1.4,-0.9,-6.3,0.027,-1.1,5.9,-2.00E-04,-0.0179,0.0242,-0.0079,-0.038
Willy Hernangomez,23,26,233,0.595,0.062,0.346,10.5,21.3,14.3,1.7,2.6,21.8,22.4,0.3,0.069,-0.6,6,-0.005,1.1,3.9,3.7,-5.5,-0.014,1.6,-6.3,0.0035,-0.0728,0.0178,0.0175,0.085
Travis Wear,27,17,228,0.497,0.653,0.111,0,17.6,4.2,0.8,1.8,7.4,15.2,0.2,0.042,-5.1,6,-0.001,-6,4.8,-3.2,1.2,-0.006,-0.9,-2.3,0.0224,-0.0553,0.0207,0.0298,0.142
Alec Peters,22,20,225,0.523,0.784,0.135,3.7,14,7.9,0.4,0.7,4.9,15.5,0.3,0.055,-3.3,6,0.036,-4.5,4.3,-4.1,7.2,-0.02,-1.6,-5.6,0.0374,-0.0611,0.019,0.0503,0.236
Ramon Sessions,31,15,225,0.533,0.234,0.656,2.5,7.5,31.1,1.5,0.4,15.4,19.1,0.5,0.116,-3.7,6,-0.009,0.3,3.8,-0.4,-1.6,0.081,-1.1,12.9,-0.0339,-0.0511,0.0268,0.0578,0.271
Marcus Georges-Hunt,23,42,224,0.515,0.313,0.438,3.6,4.7,4.1,1.3,0,5,11.9,0.2,0.049,-4.4,6,-0.024,0,-4.7,-1.2,-2.4,0.031,2.6,3.5,-0.0313,-0.1243,0.0193,-0.0873,-0.407
Josh Magette,28,18,216,0.464,0.478,0.174,1,8.8,36.4,1.8,0.4,15.4,11.8,0.4,0.092,-5.4,5,0.008,-5.1,5,-1.9,-0.1,-0.005,-1.8,-3.6,0.0108,-0.0552,0.0215,0.0691,0.311
Andrew Bogut,33,23,216,0.696,0,0.08,12.9,25.4,9.1,0.9,4.9,42.3,8.8,0.4,0.094,0,5,-0.051,4.7,2.6,3.2,-10.4,-0.026,0.8,-6.7,0.0141,-0.0762,0.0194,0.0513,0.231
Sean Kilpatrick,28,9,214,0.574,0.449,0.299,1.4,11.5,10.5,1.4,1.3,9,27.1,0.4,0.083,-2.3,5,0.006,-2.3,1.3,0.3,-0.1,0.032,2.5,1.8,-0.0108,-0.0226,0.0211,0.0707,0.315
Ante Zizic,21,32,214,0.746,0,0.433,12.8,18.6,3.8,0.5,5.2,12.1,18.8,1,0.231,0.1,5,-0.004,7.3,2.4,3.4,-1.5,0.038,0.3,6.1,-0.0121,-0.0967,0.0166,0.1388,0.619
Derrick Jones,20,14,212,0.457,0.327,0.367,10.1,8,4,0.7,3.6,9.5,13.3,0.3,0.059,-2.9,5,-0.066,6.9,2,0.1,-9.6,-0.034,-5.1,-1.2,-0.0182,-0.0529,0.0241,0.012,0.053
Kawhi Leonard,26,9,210,0.572,0.315,0.342,3.1,19.1,17.7,4.3,3.6,11.1,30.6,0.9,0.196,5.9,5,0.007,-7,1,1.5,-6.1,-0.026,1.2,-7,-0.0038,-0.0191,0.0217,0.1948,0.852
Andrew White,24,15,209,0.461,0.671,0.055,2.1,16,4.3,0.7,0.4,9.7,17.3,-0.1,-0.034,-7.1,5,-0.052,-2.2,2.3,0.3,-11.2,0.003,-2.7,3,-0.0112,-0.0473,0.0207,-0.0718,-0.313
Brandon Jennings,28,14,205,0.478,0.458,0.139,2.9,14.8,31.1,1.5,1.7,19.1,20.8,0.1,0.026,-3.8,5,-0.065,0.2,1.2,1,-9.9,0.019,-1.6,3.9,-0.0353,-0.0534,0.019,-0.0437,-0.187
Sean Kilpatrick,28,23,205,0.515,0.561,0.232,0.6,13.7,10.9,1.2,0.4,9.1,21.9,0.1,0.035,-6.1,5,-0.026,-2.7,2.8,0.1,-3.2,0.02,-2.9,5.9,-0.0351,-0.0818,0.0188,-0.0631,-0.269
Quincy Pondexter,29,23,196,0.398,0.449,0.347,4.2,10.8,6.3,2,0.9,16.3,15,-0.2,-0.047,-6.7,5,-0.074,-2.6,2.1,2.5,-15.7,0.005,-0.8,1.6,-0.0283,-0.0808,0.02,-0.1361,-0.556
MarShon Brooks,29,7,193,0.629,0.314,0.225,4.7,8,25.9,2.9,1.5,12.5,29.8,0.7,0.179,4.1,5,0.046,6.3,-5.3,-1.6,13.2,0.077,2,7,-0.0093,-0.0142,0.0202,0.1757,0.706
Aaron Brooks,33,32,189,0.508,0.449,0.159,4.2,6.2,15.1,1.6,0,13,19.9,0.1,0.033,-4.3,5,-0.025,-0.9,2.1,2.1,-9.7,0.055,-0.8,11.1,-0.0453,-0.1244,0.0213,-0.1154,-0.454
Caleb Swanigan,20,27,189,0.449,0.133,0.3,8.7,22.3,10.8,1.3,1.3,20.9,20,0,-0.003,-5.4,5,-0.032,3.8,-0.2,4.6,-6.5,0.002,1.9,-3.6,-0.0101,-0.0999,0.0215,-0.0915,-0.36
Solomon Hill,26,12,187,0.332,0.512,0.146,5.4,15.1,14.4,1.8,0.4,17.1,12.2,-0.1,-0.014,-3.8,5,-0.029,4.8,4.3,0.9,-6.4,0.002,-2.5,0.3,-0.0302,-0.0549,0.0196,-0.0795,-0.31
Sean Kilpatrick,28,16,183,0.414,0.494,0.218,0.6,19.9,12.6,0.5,0.4,14.4,26.3,-0.4,-0.116,-10.2,5,-0.064,2.3,2.3,1.1,-9.5,0.028,1.3,-2,-0.0172,-0.0635,0.0206,-0.1761,-0.671
Isaiah Whitehead,22,16,180,0.53,0.209,0.221,2.3,13.1,19.6,2.2,0.8,20.3,28.5,-0.1,-0.035,-5.6,5,-0.03,0.9,1.7,5.1,-8.1,-0.029,-0.1,-7.3,-0.0064,-0.0646,0.0209,-0.0851,-0.319
Johnathan Motley,22,11,176,0.55,0.08,0.373,8.5,22.9,7.1,0.9,1,9.3,24.9,0.3,0.084,-4.9,4,-0.048,9,-0.9,0.7,-4.9,-0.021,-1.7,-2,0.0077,-0.0469,0.0233,0.0681,0.25
Julyan Stone,29,23,175,0.684,1,0.154,0.6,17.6,19.2,1.1,1,33.5,5.2,0.3,0.087,-1.8,4,0.018,-7.7,1.6,-0.8,0.9,-0.031,-0.3,-7.4,-0.0037,-0.0905,0.0217,0.0145,0.053
John Holland,29,24,174,0.417,0.61,0.22,3.9,11.4,3.9,2,1,11,18.5,-0.2,-0.05,-7.3,4,0.002,-1.7,-1.8,3.1,-4.8,0.01,0,3.5,-0.0084,-0.0913,0.0174,-0.1323,-0.48
Rashad Vaughn,21,22,173,0.56,0.7,0.12,1.4,10.1,9.9,1.2,1.5,7.1,14.8,0.3,0.073,-3.3,4,0.007,3.2,-2.3,1.6,-0.5,-0.012,-2,1.2,-0.0257,-0.0916,0.0197,-0.0246,-0.089
Boban Marjanovic,29,19,171,0.597,0,0.57,9.5,27.7,14.4,1.2,3.1,18.2,31.3,0.5,0.138,-2.1,4,-0.009,-0.2,7.8,1.9,-2.4,-0.014,-3.8,-1,8.00E-04,-0.0798,0.0193,0.0783,0.279
Ramon Sessions,31,13,167,0.403,0.208,0.283,0.7,11.2,21.9,2.1,0.5,20.1,19.5,-0.2,-0.065,-7.1,4,-0.062,3.7,-2.5,3.6,-9.8,-0.047,3.5,-6.7,-0.0021,-0.0549,0.0217,-0.1003,-0.349
Boban Marjanovic,29,20,166,0.637,0,0.754,22.1,35.2,7.9,1.8,2.5,13.2,27.5,1,0.293,1,4,0.055,11.9,1,0.9,12,-0.005,0.7,-2.6,0.0297,-0.0849,0.0165,0.2543,0.879
Avery Bradley,27,6,165,0.492,0.164,0.036,2,12.5,9.8,1.5,0.5,12.5,16.7,0,0.009,-4.2,4,-0.013,-4.3,6.7,-1.9,-3.3,-0.04,-1.9,-7.6,0.0194,-0.0195,0.0204,0.0293,0.101
Richard Jefferson,37,20,163,0.499,0.259,0.259,1.4,10.3,12,0.6,0.5,14.3,9.4,0.1,0.029,-5.9,4,-0.064,-3.2,2.9,-0.5,-11.9,0.04,0.9,3.8,-0.0402,-0.0923,0.0219,-0.0816,-0.277
Jalen Jones,24,12,162,0.483,0.391,0.266,8.6,15.6,3.9,1.5,0.5,8.9,22,0.1,0.024,-5.9,4,0.009,9.7,3.1,0.5,5.4,0.049,-3.8,10.4,0.0039,-0.0567,0.0244,-0.0044,-0.015
Dakari Johnson,22,31,161,0.575,0,0.513,10.7,12.8,7.2,1.8,4.5,5.9,13.5,0.6,0.178,0.3,4,-0.03,-1.3,3.8,1.9,-8.5,-0.064,4,-15.7,0.0024,-0.1206,0.0184,0.0782,0.262
Jake Layman,23,35,160,0.352,0.426,0.064,2.8,8.1,9.4,1.9,2,9.4,14.6,-0.1,-0.021,-5,4,-0.002,-3.5,-2.6,4,-6.9,0.023,0.4,4.2,-0.0222,-0.1208,0.0229,-0.1411,-0.47
Mirza Teletovic,32,10,159,0.623,0.789,0,2.2,14.7,9.5,1.3,0.5,10.9,18.2,0.3,0.09,-1.6,4,0.016,-9.9,3.2,5,-9.9,-0.01,-3.3,0.2,-0.029,-0.0516,0.0188,0.0282,0.093
Damien Wilkins,38,19,152,0.405,0.462,0.103,3.7,8.1,7.8,0.7,0.6,10.9,13.4,-0.1,-0.019,-6.5,4,0.002,6.4,-3.4,0.8,5.2,-0.04,-2.1,1.2,-0.0174,-0.094,0.0253,-0.1051,-0.333
Channing Frye,34,9,150,0.581,0.581,0.093,1.4,16.2,9.5,0.3,0.5,8.2,13.8,0.3,0.091,-3,4,0.023,3.2,0.9,0.2,5.7,-0.041,-3,-3.9,0.0241,-0.0479,0.0228,0.09,0.281
Derrick Walton,22,16,147,0.525,0.68,0.24,1.5,10.7,14.6,2.4,1.7,6.7,9.1,0.4,0.128,-0.5,4,-0.024,-6.3,-0.9,1,-5.7,0.025,-1.5,4.4,-0.0208,-0.0844,0.0226,0.0454,0.139
Luke Babbitt,28,13,145,0.351,0.957,0,1.5,10.1,4.8,0.3,1.2,7.8,15.8,-0.2,-0.073,-7.9,4,-0.02,0.9,-5.7,-1.7,-2,-0.005,-1,3.4,-0.0161,-0.0731,0.0232,-0.139,-0.42
Darrell Arthur,29,19,141,0.559,0.489,0.064,2.4,9.5,9.3,2.8,1.8,23.7,19.5,0,-0.011,-4.5,4,-0.021,-12.2,-5.3,0.9,-9.1,0.028,1.2,3.8,-0.0375,-0.1002,0.0194,-0.1293,-0.38
Derrick White,23,17,139,0.646,0.394,0.606,4,16.9,9.3,1.5,1.8,12.6,15.4,0.5,0.17,0.5,4,-0.005,0.3,-3.6,2,-1.8,-0.059,5.7,-13.8,0.0074,-0.0816,0.0219,0.1177,0.341
Lorenzo Brown,27,14,139,0.459,0.353,0.059,0.8,11.1,12.4,1.8,0,7.9,11.9,0.2,0.06,-3,3,0.035,-1.9,4.2,3.6,-3.8,-0.069,2.4,-14.7,0.0147,-0.0726,0.0247,0.0268,0.078
Jon Leuer,28,8,136,0.505,0.083,0.417,5.6,20.7,5.3,0.4,2,14.1,16.1,0.1,0.051,-5.9,3,-0.004,-6.6,1.4,0.6,-7,-0.056,1.3,-9.5,0.0048,-0.0469,0.0205,0.0294,0.083
Kay Felder,22,14,134,0.386,0.273,0.182,0.8,10.8,23,1.1,0.7,17.4,28,-0.5,-0.168,-11.5,3,-0.044,-2.4,2,1.5,-11.6,0.02,0.5,-1.1,-0.014,-0.0766,0.0215,-0.2371,-0.662
Malcolm Miller,24,15,126,0.638,0.75,0.143,3.6,9.6,3.2,0.4,1.3,14.4,12.1,0.2,0.087,-2,3,-0.032,10.6,5.5,4.2,-4.8,0.025,0.4,-1.1,0.0041,-0.0838,0.026,0.0333,0.087
Milton Doyle,24,10,125,0.337,0.489,0.17,2.5,12.9,11.7,2.3,1.2,3.8,18.2,-0.1,-0.052,-5.8,3,-0.017,-1.9,6.3,-0.9,-4.4,0.022,2.9,-5.7,-0.0074,-0.0621,0.0219,-0.0996,-0.259
Zhou Qi,22,18,124,0.295,0.594,0.375,5.5,14.4,2.1,0.8,9.6,21.2,16.8,-0.3,-0.104,-7.2,3,-0.125,0.2,-0.7,6.3,-31.3,-0.004,-2.5,4.9,-0.0484,-0.109,0.0222,-0.2392,-0.618
Omer Asik,31,14,121,0.423,0,0.75,6.5,26,2,0.4,1.3,19,9.4,0,0.008,-8.1,3,0.035,-2.2,5.6,0.6,1.2,0.026,-1.9,2.5,-0.0269,-0.092,0.0185,-0.0924,-0.233
James Webb,24,10,120,0.333,0.792,0,7,14.3,4.5,0.4,0,14.3,10.1,-0.1,-0.041,-6.6,3,-0.031,-1.3,-0.3,-1.8,-5.1,0.008,-1.1,5.4,-0.0171,-0.0646,0.021,-0.1017,-0.254
Briante Weber,25,5,119,0.508,0.095,0.286,4.8,11.9,11.1,3.4,1.6,25.3,11.9,0.1,0.024,-1.9,3,-0.007,2.9,0.7,-0.1,0.6,0.076,-1.5,14.4,-0.017,-0.0285,0.0206,-9.00E-04,-0.002
Briante Weber,25,13,118,0.547,0.409,0.182,2.9,14.2,15.2,4.2,2.2,22.8,11.5,0.3,0.119,1.3,3,-0.098,0,-3.3,-1,-13.7,0.109,1,17.7,-0.046,-0.0895,0.0224,0.0059,0.015
Xavier Rathan-Mayes,23,5,118,0.315,0.333,0.214,0,5,23,2.6,2.4,19.3,21.7,-0.4,-0.171,-10.7,3,-0.047,-3.2,-4.3,0.6,-14.3,0.062,5.5,4.7,-0.0171,-0.029,0.0205,-0.1966,-0.483
Georgios Papagiannis,20,16,118,0.415,0,0,11.1,24.2,11.5,0.9,4.8,16.3,18.7,0,-0.018,-5,3,0.02,1.9,-3.1,-1.7,6.8,0.075,-1.7,11.6,9.00E-04,-0.0938,0.0215,-0.0894,-0.22
Shabazz Muhammad,25,11,117,0.624,0.119,0.284,8,23,11.8,1.7,0.7,1.3,29.5,0.7,0.271,0.5,3,-0.007,-0.5,-3.3,-3.8,5.1,-0.075,-0.3,-6.9,-0.0179,-0.0759,0.0186,0.1958,0.477
Jameer Nelson,35,7,116,0.322,0.359,0.077,1.9,5.8,27.7,1.7,0.8,21.4,19.6,-0.3,-0.107,-9.7,3,-0.093,-4.5,-6.3,1.6,-19.2,0.025,3.5,4.9,-0.0095,-0.0499,0.0212,-0.1452,-0.351
Jabari Bird,23,13,115,0.615,0.269,0.5,5.8,12.2,10.5,1.3,0.7,20.1,15.4,0.2,0.098,-2.1,3,0.04,10.5,1.1,3,6.5,0.03,1.7,0.8,-0.0193,-0.0843,0.0261,0.0205,0.049
Bobby Brown,33,20,115,0.425,0.69,0.034,0,6.8,15,1.7,0,13.3,26.1,-0.2,-0.08,-9.3,3,-0.06,-1.3,3.4,5.4,-20.2,0.06,-2.4,13.5,-0.0506,-0.1248,0.0236,-0.2318,-0.555
Gary Payton,25,11,115,0.447,0.317,0.146,8.4,16.5,15.1,1.7,1.4,8.4,17.6,0.2,0.063,-1.9,3,-0.011,4.6,-6.1,-3.8,6.2,0.02,3,2.5,0.0163,-0.0752,0.022,0.0261,0.063
Derrick Rose,29,9,112,0.463,0.111,0.093,3.1,3.1,15.2,1.8,0,11.1,25,-0.1,-0.029,-8.1,3,0.002,-1.3,-6.7,1.5,-0.3,-0.001,0.2,2.9,-0.0235,-0.0758,0.0219,-0.1064,-0.248
Kadeem Allen,25,18,107,0.366,0.5,0.409,4.1,7.1,15.2,1.4,1.6,25.7,14.6,-0.1,-0.039,-6.4,3,-0.068,8.8,7,4.6,-9.4,0.02,0,-0.3,-0.0258,-0.1179,0.0271,-0.1556,-0.347
Gary Payton,25,12,106,0.437,0.364,0.091,4.4,14.3,12.2,1.4,0.8,8,15.9,0,0.016,-5.5,3,-0.006,4,0.5,-0.8,-0.1,0.019,2.7,-3.4,-0.0219,-0.0877,0.0201,-0.0735,-0.162
Nigel Hayes,23,5,105,0.312,0.429,0.071,4.2,20.4,5.2,1,2.7,3.3,12.8,-0.1,-0.048,-6.6,3,-0.074,0.7,4,-3.4,-9.9,-0.085,-1.5,-14.7,0.0096,-0.0368,0.0236,-0.0516,-0.113
Alex Poythress,24,25,104,0.5,0.423,0,7.7,10.8,2.6,1.4,0.9,7.1,12,0.1,0.066,-4,3,-0.036,1.3,-6.8,-3.7,-1.9,0.025,-1.9,15.4,-0.0324,-0.1276,0.0237,-0.0703,-0.152
Bruno Caboclo,22,10,100,0.411,0.517,0.207,7.6,16.6,5.6,1,3.8,11.2,16,0,-0.01,-5,3,-0.023,-1.8,7.7,-1.3,0.1,-0.033,1.8,-7.6,0.0107,-0.0751,0.0233,-0.0511,-0.106
Jaylen Morris,22,6,98,0.438,0.313,0,2.3,15.9,10.8,1,0.9,15.8,16.9,-0.1,-0.053,-7.1,3,-0.068,1.9,2.3,6.3,-15.1,-0.026,-1.4,-2.2,2.00E-04,-0.0466,0.0223,-0.0771,-0.157
Darrun Hilliard,24,14,95,0.362,0.316,0.368,0,8.2,15.3,1.1,0,15.3,12.3,0,-0.015,-7.5,2,0.066,-3.5,-0.8,-0.1,9.6,0.043,-1.9,7.9,-0.0076,-0.0988,0.0239,-0.0975,-0.193
Chris McCullough,22,19,90,0.478,0.19,0.333,8.8,22.6,7.1,0,4.9,4,24.6,0.2,0.081,-5.7,2,-0.048,5.2,0.9,1.3,-3.7,0.023,-2.5,4.5,-0.0193,-0.1244,0.0261,-0.0366,-0.069
Damian Jones,22,15,89,0.517,0,0.227,6.8,10.6,2.9,0.5,2.7,14.2,13.9,0.1,0.031,-6.6,2,-0.081,-8.1,-7,-3.6,-10,-0.033,2.9,-4.1,-0.0092,-0.1139,0.0203,-0.0718,-0.133
Jack Cooley,26,7,87,0.566,0,0.704,17.6,21.9,10.5,0.6,0,7.8,19.8,0.3,0.182,-1.6,2,-0.081,9.7,3.6,-2.2,-3.6,-0.058,0,-9.5,0.0086,-0.0645,0.0236,0.1497,0.271
Josh Gray,24,5,86,0.349,0.317,0.268,2.4,10.1,20.8,4.5,1.9,13.2,26.1,-0.2,-0.118,-5.5,2,-0.096,-3.6,7.3,-2.1,-20.1,0.071,1.2,9,0.0076,-0.0482,0.0218,-0.1368,-0.245
Eric Bledsoe,28,3,83,0.509,0.325,0.35,3.8,5.2,17.9,2.3,1.9,17.8,28.7,0,-0.028,-4.9,2,-0.085,-1.6,-4.5,1.7,-17.2,0.044,1.7,12.9,0.0089,-0.0273,0.0216,-0.0248,-0.043
Antonius Cleveland,23,13,81,0.317,0.071,0.286,2.6,11.4,3.3,3.7,4.4,11.3,10,0,-0.005,-3.1,2,-0.072,2.8,0.8,4.4,-16.9,-0.019,3.5,-8.9,0.0077,-0.1142,0.0246,-0.0869,-0.147
Okaro White,25,6,80,0.577,0.688,0.188,4.2,11.2,3.5,0.6,1.1,5.5,10.3,0.2,0.096,-2.9,2,0.034,-5.2,0.4,3.3,-2.7,-0.024,-2.5,-3.6,-0.0103,-0.069,0.0241,0.0408,0.068
Furkan Korkmaz,20,14,80,0.386,0.607,0.143,2.8,11.7,6.7,1.2,1,6.3,16.9,0,-0.006,-6.9,2,-0.087,-3.7,0.4,-2.7,-12.6,0.112,-2.9,19.9,-0.0365,-0.1226,0.0211,-0.144,-0.24
Wade Baldwin,21,7,80,0.748,0.238,0.476,1.4,9.5,9.8,1.2,1,13.6,16.1,0.3,0.187,0,2,0.062,-2.7,7.6,4.9,-1.1,0.05,2.2,-2.7,-0.0082,-0.0751,0.0256,0.1293,0.216
Greg Monroe,27,5,79,0.489,0,0.121,8.9,28.1,10.2,0,0,14.7,23.3,0,-0.013,-9.6,2,-0.008,-10.3,3.3,3.5,-14.4,-0.061,-2.4,-9.4,-0.024,-0.0591,0.0196,-0.0765,-0.126
Omari Johnson,28,4,75,0.524,0.571,0,6,11.1,14.5,1.3,0,12.5,14.4,0.1,0.053,-2.8,2,0.101,4.8,-3.3,-3.1,24.7,0.067,-1.1,8.7,-0.0088,-0.0456,0.0207,0.0193,0.03
Nick Collison,37,15,75,0.627,0,0.684,10,19.9,8.2,0,0,22.1,18.2,0.1,0.064,-6.5,2,-0.003,-6.6,2.7,1.2,-7.8,0.012,2.7,-1.7,-0.0121,-0.1263,0.0195,-0.0549,-0.086
Marquis Teague,24,3,74,0.302,0.25,0.313,1.5,8,24.7,2.7,0,14.2,12.9,-0.1,-0.038,-7.3,2,-0.004,-2.7,-6.7,0.8,-6.3,0.023,1.4,5.7,-0.0131,-0.0338,0.0206,-0.0643,-0.099
Thomas Bryant,20,15,72,0.441,0.476,0.429,4.5,20.6,11.5,0.7,2.3,7.4,15.9,0.1,0.05,-4.2,2,-0.009,-4.3,1.4,-1.4,-3.8,0.074,2.3,2.3,0.0107,-0.1238,0.0223,-0.0408,-0.061
Udonis Haslem,37,14,72,0.252,0.533,0.133,4.7,10.9,9.2,0,2.4,11.2,11.1,-0.1,-0.059,-7.5,2,-0.09,-0.1,1.2,-1.9,-10.1,-0.045,0,-10.5,-0.0088,-0.1266,0.0241,-0.1703,-0.255
D.J. Wilson,21,22,71,0.622,0.313,0.125,3.3,13.2,6.1,2.1,1.2,19.2,13.3,0.1,0.054,-4.1,2,-0.05,-5.8,2.7,3.9,-19.6,0.083,3,11.8,-0.0379,-0.1298,0.0196,-0.0941,-0.139
Alan Williams,25,5,70,0.455,0,0.5,4.5,29.5,16.3,3.4,1.2,24.2,17.5,0,-0.004,-3.7,2,-0.041,-5.2,-0.7,-0.1,-11.8,-0.069,7.9,-18.9,0.0197,-0.0601,0.0208,-0.0236,-0.034
London Perrantes,23,14,66,0.23,0.231,0.385,1.7,5,9.4,1.5,1.3,6.2,10.9,-0.1,-0.086,-8.7,2,-0.029,13.5,4.3,2.9,0.6,0.108,0.9,13,-0.0065,-0.12,0.0208,-0.1917,-0.264
Gian Clavell,24,7,64,0.53,0.833,0.111,1.7,10.8,6.7,1.6,0,9.6,14.8,0.1,0.042,-3.6,2,0.019,-7.9,4.4,0.9,0.4,-0.043,7.8,-17.3,0.0132,-0.0859,0.0244,-0.0063,-0.008
Andre Ingram,32,2,64,0.655,0.529,0.176,1.7,8.3,15.3,2.2,3.8,14.1,14.1,0.2,0.157,1.3,2,0.058,-7.7,9.6,2.1,2.1,0.012,3.8,-13.2,0.019,-0.0301,0.0236,0.1695,0.226
Demetrius Jackson,23,12,63,0.286,0.429,0,7.2,12.4,10.7,3.1,1.3,39.1,16.1,-0.2,-0.14,-7.2,2,-0.132,3,11,10.4,-34.8,-0.017,-2,-5.3,-0.0353,-0.1297,0.0239,-0.2811,-0.369
Omer Asik,31,4,61,0.311,0,0.167,3.4,14.6,2.1,0.8,2.9,38.3,7.4,-0.1,-0.077,-8,2,0.068,-6,0.2,7,-3.6,0.085,-0.2,10.6,-0.0126,-0.0592,0.0217,-0.1271,-0.162
James Young,22,6,61,0.511,0.714,0.429,0,3.4,4.3,0,0,5.7,12.3,0.1,0.041,-6.6,2,-0.051,0.6,-5.8,2.6,-14.4,-0.028,-3.6,8.1,-0.0303,-0.0832,0.0217,-0.0508,-0.065
Brice Johnson,23,9,60,0.418,0,0.097,13.2,21.7,3,2.5,6.2,3,24.9,0,0.028,-7,2,-0.073,11.7,3.5,4.7,-13.8,0.119,2.3,15.6,-0.0207,-0.1062,0.0205,-0.0784,-0.098
Kyle Singler,29,12,59,0.43,0.238,0.619,1.8,17.5,4.8,0.8,0,10.1,21.6,0,-0.031,-11.8,1,-0.05,-7.4,3.5,-0.6,-12.9,-0.041,-2.5,-6.9,-0.0108,-0.1278,0.0208,-0.1488,-0.183
Larry Drew,27,7,55,0.441,0.353,0,4.1,0,18.9,0,0,10.5,15,0,0.003,-8.9,1,0.01,1.2,2.9,0.4,-3.2,0.067,-1.6,9,-0.0275,-0.1038,0.0206,-0.1077,-0.123
Jordan Crawford,29,5,53,0.601,0.519,0.037,4.2,4,37.7,0.9,1.5,15.4,26.5,0.2,0.15,-0.9,1,0.038,10.9,-3.3,4.6,8.3,0.115,-5.1,23,-0.0281,-0.0863,0.0206,0.0562,0.062
Alfonzo McKinnie,25,14,53,0.643,0.6,0.2,2.2,12.4,2.7,0.9,1.5,15.5,16,0.1,0.084,-3.1,1,0.046,-9.2,-11.8,0.7,-2.9,-0.001,-1.4,8.8,0.003,-0.124,0.0243,-0.0127,-0.014
Marshall Plumlee,25,8,52,0.697,0,5.333,9,29.2,4.8,0,1.6,23,11.3,0.2,0.143,-5.7,1,-0.086,-0.9,7.4,7.3,-16.2,-0.062,2.4,-15.3,-0.0232,-0.1156,0.0204,0.0246,0.027
Cole Aldrich,29,21,49,0.34,0,0.4,7,28.6,8.2,2,1.8,5.4,16.8,0,-0.013,-6.9,1,-0.018,7,2.6,0.1,-1.7,0.048,5.5,2.8,-0.023,-0.1423,0.0222,-0.1561,-0.159
R.J. Hunter,24,5,45,0.455,0.7,0.1,0,12.4,10.3,3.3,0,8.7,22.5,0,0.022,-4.5,1,-0.064,-1.6,3.9,-0.6,-13.2,-0.083,-6.2,-9.1,-0.0271,-0.0968,0.0238,-0.0781,-0.073
Vander Blue,25,5,45,0.255,0.4,0.4,0,2.3,8.2,1.1,0,33.8,8.4,-0.1,-0.103,-10,1,0.057,8.7,14.6,10.2,-1.8,-0.022,4.2,-19.7,0.019,-0.0906,0.0241,-0.1505,-0.141
Nik Stauskas,24,6,45,0.41,0.25,0.5,0,2.3,2.7,4.3,0,45,8.4,0,-0.044,-4.8,1,-0.179,-7,-11.2,-2.3,-29,-0.063,2.2,-6.5,-0.0275,-0.104,0.0216,-0.1539,-0.144
Adreian Payne,26,5,43,0.831,0.3,0.6,5.1,18,0,2.3,0,13.7,15,0.2,0.203,-4.1,1,-0.026,-1.1,-7.8,-0.9,-2.1,0.148,7.1,18.6,2.00E-04,-0.0888,0.0213,0.1357,0.122
Antonius Cleveland,23,4,42,0.825,0.429,0.286,2.7,8,0,1.2,2,38.8,13.4,0,-0.009,-7,1,-0.044,-2.9,1.8,-0.8,-9.2,-0.031,-5.5,1.9,0.0035,-0.0759,0.0227,-0.0587,-0.051
Jonathan Gibson,30,4,40,0.739,0.522,0,0,8.1,22.6,0,0,11.5,29,0.2,0.195,1.9,1,0.099,-6.9,4.9,1.1,7.7,0.077,-2.8,15,-0.0226,-0.0848,0.0262,0.1138,0.095
Joakim Noah,32,7,40,0.51,0,0.4,16.7,22.1,14,2.5,4.3,25.4,17.2,0.1,0.072,1,1,-0.132,-5.6,15.5,1.2,-22.7,-0.043,1.7,-22.1,-9.00E-04,-0.119,0.0222,-0.0257,-0.021
Jeff Withey,27,9,39,0.444,0.625,0.125,2.8,26.6,0,0,6.8,10.6,22,0,-0.054,-12.8,1,-0.006,7.6,7.6,0.8,3.4,-0.057,7.2,-24.1,0.0126,-0.1264,0.0248,-0.143,-0.116
Sean Kilpatrick,28,4,38,0.503,0.389,0.111,0,5.7,12.1,0,0,5,22.6,0,0.029,-7.9,1,0.022,14.8,-5,-3.2,18.2,0.053,-4.8,20.7,0.0141,-0.0871,0.0212,-0.0228,-0.018
Brice Johnson,23,9,38,0.673,0.091,0.182,5.9,31.4,4,7.7,4.4,25.2,18,0.1,0.168,3.8,1,0.077,-2.9,-2.7,-2.8,11.3,-0.137,7.1,-27,0.0235,-0.1267,0.0202,0.085,0.067
Joel Bolomboy,24,6,38,0.521,0.167,1,18.6,12.3,0,2.6,0,18.8,12.6,0.1,0.079,-7.7,1,-0.142,8.5,10.8,2.8,-29.1,0.006,4.2,-9.1,-0.0255,-0.1198,0.0208,-0.0455,-0.036
Charles Cooke,23,13,38,0.202,0.571,0.143,0,5.5,3.2,1.3,0,6.3,18.1,-0.2,-0.239,-14.6,1,-0.116,5,-4.6,0.8,-19.5,-0.013,0.5,-4.5,-0.0276,-0.1375,0.0204,-0.3837,-0.304
Aaron Jackson,31,1,35,0.405,0.444,0.222,6.5,3.2,4,0,0,9.2,13.7,0,-0.017,-7.7,1,-0.087,-6.6,5.4,2.9,-23.3,0.005,-4,1.1,-0.0282,-0.045,0.0239,-0.0663,-0.048
Walt Lemon Jr.,25,5,35,0.491,0.063,0.188,0,6,21.1,0,2.3,18.8,26.4,-0.1,-0.071,-11.7,1,0.065,-16.5,1.1,-1.5,3.1,0.147,1.6,23.4,-0.0286,-0.1148,0.0202,-0.1942,-0.142
Rashad Vaughn,21,5,35,0.417,0.333,0,3.1,9.5,0,1.4,0,25,10.1,-0.1,-0.07,-10.4,1,0.007,-5.7,-9,6.3,-7,-0.017,0.4,2.7,0.002,-0.1042,0.0214,-0.1508,-0.11
Jacob Wiley,23,5,33,0.41,0.5,0.5,6.4,29.2,8,1.5,0,0,6.4,0.1,0.094,-3,1,-0.059,-1.6,10.4,0.4,-10.5,-0.093,2.2,-30.8,-0.0049,-0.1118,0.0221,-6.00E-04,0
Derrick Jones,20,6,33,0.678,0.5,1.5,6.4,6.6,12.3,1.5,9.8,13.1,9.8,0.1,0.177,3.9,1,0.014,6.1,12.2,5.4,0.4,0.002,2,-6.6,0.0171,-0.1217,0.0222,0.0946,0.065
Matt Costello,24,4,32,0.5,0,0,3.4,27.9,8.3,3.2,5.2,20,7,0.1,0.127,1.6,1,0.161,-2,-1.7,2.1,20.6,0.035,5.5,-2.2,-0.0046,-0.0925,0.0241,0.054,0.036
Georges Niang,24,9,32,0.379,0.364,0.182,10.8,21.1,14,3.1,0,20.2,20.9,0,-0.029,-4,1,-0.017,2.7,13.2,12.4,-19.7,-0.016,0.8,2,-0.0116,-0.131,0.0222,-0.1494,-0.1
Markel Brown,26,4,31,0.357,0.714,0,3.7,14.4,8.7,0,0,22.2,12.8,0,-0.063,-8.4,1,-0.079,-10.6,-16.4,-2.7,-17.2,-0.022,-8.5,18,-0.031,-0.1082,0.0232,-0.179,-0.116
Ike Anigbogu,19,11,30,0.558,0,0.667,19,15,0,1.7,8.9,14.7,20.3,0.1,0.165,-5.4,1,-0.016,11.8,-22.8,0.6,-0.4,0.071,-6.2,28.4,-0.0245,-0.1374,0.0251,0.0282,0.018
Tony Bradley,20,9,29,0.337,0.091,0.182,15.8,27.1,5,0,0,0,18.4,0,0.033,-9.6,1,-0.123,3.6,4.2,-12,-1.8,0.067,7.5,-5.7,-0.0079,-0.1322,0.0217,-0.0854,-0.052
Marcus Paige,24,5,28,0.403,0.571,0.143,0,15.7,16.1,0,0,0,23,0,-0.006,-6.9,1,0.001,6.5,10.5,-5.4,16.4,0.018,-3.1,-1,-0.0114,-0.1247,0.0251,-0.117,-0.068
Daniel Hamilton,22,6,28,0.545,0.455,0,0,20.5,44.2,1.8,0,15.4,19.9,0.1,0.169,-1.6,1,-0.069,-1.8,-8.2,2.6,-26.3,-0.064,-5.6,-2.1,-0.0127,-0.1313,0.0208,0.0458,0.027
Jameel Warney,24,3,27,0.599,0,0.417,15.9,21.3,0,0,0,6.6,25.6,0.1,0.157,-12.2,1,-0.033,16.7,4.4,-2.5,8.1,0.01,-4.6,7.7,0.0084,-0.0922,0.0249,0.0981,0.055
Jeremy Lin,29,1,25,0.597,0.167,0.583,0,0,27.1,0,0,16.6,31.3,0,0.087,-13.5,1,0.006,5.1,-4.2,4.4,5.7,0.067,0.8,13.7,-0.0106,-0.0517,0.0225,0.0472,0.025
Monte Morris,22,3,25,0.727,0.167,0.333,0,9,41.2,5.9,0,12.7,13.7,0.2,0.312,2,1,-0.036,-11.4,-1.3,-3.9,-6.9,0.018,3.1,7.8,-0.0269,-0.103,0.023,0.2051,0.107
Jahlil Okafor,22,2,25,0.465,0,0.444,17.9,20.7,5.8,0,6.7,21.8,23.5,0,0.005,-7,1,-0.036,-5.3,-0.6,6.7,-19,0.08,-5.6,21.2,-0.0284,-0.0801,0.0216,-0.0819,-0.043
Chinanu Onuaku,21,1,22,0.4,0,0,5.2,15.2,6.4,0,0,37.5,16.1,-0.1,-0.147,-12.3,1,-0.139,-7,-3.4,4.1,-31.3,-0.093,-2.6,-9.3,-0.0279,-0.0662,0.0237,-0.2174,-0.1
Xavier Munford,25,6,21,0.218,0.333,0.333,5.6,0,24.6,2.4,0,22.5,19.1,-0.1,-0.197,-13.7,1,-0.094,6.3,5.3,10.1,-17.8,0.093,-3.3,17.8,-0.0283,-0.1333,0.0211,-0.3375,-0.148
Mangok Mathiang,25,4,20,0.538,0,0.143,16,38.5,0,2.4,0,0,16.1,0.1,0.183,-9.8,1,-0.034,5.7,9.2,7.1,-7.7,-0.133,-1.6,-12.3,-0.0122,-0.1268,0.0245,0.0685,0.029
Jalen Jones,24,4,19,0.512,0.25,0.5,0,16.5,0,0,0,0,11.1,0,0.054,-10.8,0,-0.028,13.3,-5.3,0.2,2.3,0.207,1.2,22.5,-0.0259,-0.1347,0.0206,-0.086,-0.034
Nate Wolters,26,5,19,0.167,0,0,6,5.9,7.1,0,0,0,14.2,-0.1,-0.137,-12.4,0,-0.097,20.8,-6.5,-6.3,9.5,0.077,2.6,5.1,-0.0087,-0.1315,0.0224,-0.2548,-0.101
Mike James,27,4,18,0.222,0.111,0,6.2,0,43.5,2.7,0,10,24.1,-0.1,-0.146,-12.4,0,0.025,1,-13.2,2.3,-5.3,0.139,-1,31.2,-0.0259,-0.1353,0.0206,-0.2866,-0.107
James Michael McAdoo,25,3,18,0.508,1,0.286,0,11.5,0,0,4.6,11.3,21,0,0.023,-8.7,0,-0.005,-14.3,1.6,-3.4,-4.7,0.024,4.6,0.1,-0.026,-0.1285,0.022,-0.1095,-0.041
Troy Williams,23,4,17,0.242,0.556,0.333,6.7,19.7,8.6,2.9,0,8.8,29.4,-0.1,-0.26,-14.2,0,-0.219,13.7,5.8,8.6,-41.2,0.162,-3.3,31.6,-0.0271,-0.1363,0.0239,-0.3995,-0.141
Demetrius Jackson,23,3,17,0.82,0.25,0.5,6.6,0,35.1,2.8,0,17,14.8,0.1,0.298,1,0,0.106,-5.3,-7.1,-5.5,15.1,0.206,-6.3,51.7,-0.026,-0.1291,0.022,0.1649,0.058
Kendrick Perkins,33,1,15,0.521,0,1,0,7.4,17.3,3.3,0,25.8,11.4,0,0.026,-5.7,0,0.063,2.2,2.8,0.3,26.3,0.134,6.3,8,-0.0011,-0.0719,0.0199,-0.0271,-0.008
Brandan Wright,30,1,15,0.667,0,0,7.6,7.5,0,0,5.7,0,8.8,0,0.157,-3.2,0,0.172,12.1,11,-1.9,34.8,0.109,-3,11.5,-0.0271,-0.0826,0.0239,0.0712,0.022
Larry Drew,27,3,15,0.143,0.429,0,7.5,0,17.1,0,0,12.5,22.8,-0.1,-0.299,-17.4,0,-0.113,1.4,-11.8,-8.3,-14.2,0.053,2.4,11.4,-0.026,-0.1305,0.022,-0.4335,-0.135
Tim Quarterman,23,3,13,0.515,0.667,0.667,0,25.8,10.6,0,0,34,20,0,-0.083,-10.8,0,-0.289,3.8,7.6,22.4,-58.9,-0.087,-5.1,-16.8,-0.0271,-0.1365,0.0239,-0.2227,-0.06
Luol Deng,32,1,13,0.5,0,0,0,0,10.1,3.7,0,33.3,9.8,0,-0.018,-8.5,0,-0.129,-6.1,-18.9,-2.4,-20.5,-0.031,0.1,9.2,0.0147,-0.0826,0.0237,-0.0622,-0.017
Devin Robinson,22,1,13,0.333,0,0,17.4,26,0,3.8,0,0,10.2,0,0.098,-8.2,0,-0.072,16.6,23,-11.7,3.9,-0.111,7.7,-20.7,-0.0158,-0.0844,0.0275,0.0253,0.007
Josh Smith,32,3,12,0.25,0,0,28.1,8.7,0,0,0,0,14.4,0,-0.013,-13.4,0,-0.292,11.6,23.3,-10.5,-27.7,0.04,5,3.1,-0.0259,-0.1368,0.0206,-0.1551,-0.039
Nigel Hayes,23,2,11,0.436,0.667,0.333,0,0,24.3,0,0,0,13.3,0,0.069,-12.8,0,0.2,13.9,8.1,-6.6,52.1,0.174,4.9,10.3,0.0147,-0.129,0.0237,-0.0216,-0.005
Matt Williams,24,3,11,0.417,0.833,0,0,10.2,0,0,0,14.3,28.6,0,-0.197,-17.1,0,0.12,-7.2,11.8,-5.9,24.2,-0.24,11.4,-50.3,-0.011,-0.1352,0.0248,-0.3184,-0.073
Nicolas Brussino,24,4,10,0,1,0,0,33.5,0,0,0,0,8.7,0,-0.18,-18.5,0,0.064,-1,16.2,-5.9,19.5,-0.361,-5,-69.7,0.0049,-0.1276,0.0229,-0.2798,-0.058
Willie Reed,27,3,9,1,0,0,0,12.5,15.9,0,0,0,4.9,0,0.187,-2.5,0,0.071,14.8,1.6,-1.5,29.8,0.144,4.6,38.7,0.0016,-0.132,0.0223,0.0789,0.015
Derrick Williams,26,2,9,0.25,0.5,0,0,11.7,0,0,0,0,18.9,0,-0.191,-18.1,0,-0.318,-14.6,22.4,8.1,-64.4,-0.182,20.9,-48.8,0.0147,-0.1305,0.0237,-0.2831,-0.053
David Stockton,26,3,9,1.05,1,1.333,0,0,0,0,0,17.4,28.8,0.1,0.459,6.7,0,-0.065,11.9,20.2,19.6,-23.8,0.213,-10.6,36,-0.0087,-0.1336,0.0224,0.3391,0.064
Scotty Hopson,28,1,8,0.266,0,2,0,0,15.8,0,0,34.7,16.3,0,-0.238,-20.7,0,-0.16,23.7,21,7.2,-21.6,0.289,10.7,15.1,0.0086,-0.1053,0.025,-0.3097,-0.052
Luis Montero,24,2,8,0,0,0,0,28.2,0,0,0,66.7,16.6,-0.1,-0.445,-25.9,0,-0.095,-11.6,21.6,6,-34.6,-0.024,-15.4,-8.1,0.0016,-0.1303,0.0223,-0.5514,-0.092
Erik McCree,24,4,8,0,0.5,0,0,14,0,6.3,0,33.3,16.9,-0.1,-0.334,-14.7,0,-0.027,3.5,-4.8,6,-8.8,0.148,7.9,31.3,-0.0087,-0.1363,0.0224,-0.4566,-0.076
Xavier Silas,30,2,7,0,0.667,0,15.8,15.4,0,7.1,0,0,19.1,0,-0.25,-13.4,0,-0.226,11.8,-16,-7.9,11.9,0.038,-1.4,8.9,-0.0214,-0.1314,0.0263,-0.3765,-0.055
Reggie Hearn,26,3,7,0.75,1,0,0,0,0,0,0,0,12.7,0,0.132,-2.3,0,-0.191,27.4,-0.7,11,-24.5,-0.062,-7.7,7.4,0.0016,-0.1335,0.0223,0.0224,0.003
Vince Hunter,23,4,7,0.6,0,0,32.3,16.9,0,0,13.4,16.7,38.5,0,0.097,-9,0,-0.079,27.7,3.5,-2.5,15.2,0.027,15.2,-19.1,-0.0108,-0.132,0.0211,-0.0247,-0.004
Bruno Caboclo,22,2,7,0,1,0,0,15.7,16.7,7,0,0,12.5,0,-0.113,-2.4,0,-0.134,39.5,12.4,-6,8.8,-0.293,-0.4,-63.5,0.0057,-0.1281,0.0254,-0.21,-0.031
Jarell Eddie,26,2,6,0,1,0,0,18,0,8.3,0,0,7.4,0,-0.026,-3.5,0,-0.296,-21.6,21.6,-5.5,-53.7,0.227,-5.6,32,-0.0214,-0.1322,0.0263,-0.1533,-0.019
Josh McRoberts,30,2,6,0,1,0,0,0,0,0,0,0,7.6,0,-0.19,-12.2,0,0.032,-18.1,21.1,-4.5,-6.5,0.078,2.3,-9.9,0.0086,-0.1315,0.025,-0.2879,-0.036
Kay Felder,22,2,6,0.25,0.25,0,36,37.6,0,0,0,20,36.9,0,-0.336,-31.4,0,-0.166,33,-0.7,6,-7.8,-0.069,-5.4,2,0.0016,-0.1319,0.0223,-0.444,-0.055
Jacob Pullen,28,3,6,0.5,0.5,0,0,0,0,0,0,33.3,21.3,0,-0.21,-15.2,0,-0.119,-11,-3.4,4.8,-38.6,-0.135,7.1,-34,-0.026,-0.1368,0.022,-0.3508,-0.044
Nigel Hayes,23,2,6,1.5,1,0,0,0,0,0,0,33.3,21.9,0,0.018,8,0,0.128,-23.1,-2.6,11.3,-14.4,-0.072,12.6,-33.7,0.0057,-0.129,0.0254,-0.0799,-0.01
Jeremy Evans,30,1,5,1,0,0,22.3,0,0,0,0,50,17.5,0,-0.028,-8.3,0,-0.057,12.3,-9.5,0.8,-5.6,0.064,-6.4,34,0.0049,-0.1248,0.0229,-0.125,-0.013
Gordon Hayward,27,1,5,0.5,0.5,0,0,21.6,0,0,0,0,17.9,0,0.056,-12,0,-0.018,-1.5,1.6,-5.5,1,-0.12,5.3,-14.5,-0.0214,-0.1308,0.0263,-0.0699,-0.007
Malachi Richardson,22,1,5,0.5,0.5,0,0,22,0,0,0,0,17.5,0,0.045,-11.5,0,-0.165,-23.1,22.4,6.3,-54.4,0.444,-14.7,93.8,0.0057,-0.1276,0.0254,-0.0515,-0.005
Isaiah Canaan,26,1,4,0,0,0,0,27.9,0,0,0,0,11,0,-0.224,-21.2,0,0.092,-21.2,20.1,-3.3,6.9,0.396,-2.5,43.3,-0.0271,-0.1388,0.0239,-0.366,-0.03
Justin Patton,20,1,4,0.5,0,0,0,0,0,12.5,0,0,22.1,0,0.151,3.3,0,0.191,-24.5,-1.3,-1.9,19.5,-0.04,14.3,-21.3,-0.0222,-0.1424,0.0229,0.0093,0.001
Anthony Brown,25,1,4,1.5,1,0,0,0,41.7,0,0,0,11.1,0,0.571,2.1,0,0.191,-24.5,-1.3,-1.9,19.5,-0.04,14.3,-21.3,-0.0222,-0.1424,0.0229,0.4293,0.036
Georgios Papagiannis,20,1,4,1,0,0,27.5,0,0,24.9,0,0,11,0.1,0.675,34.1,0,0.267,26.8,-4.1,-14.1,77.7,-0.503,36.9,-107,-0.0089,-0.1343,0.0258,0.5576,0.046
Jarell Eddie,26,1,3,0,1,0,0,0,0,0,0,0,14.5,0,-0.373,-18.3,0,0.217,46.2,19.5,-14.2,95.8,-0.542,36.3,-78.7,-0.009,-0.1311,0.0224,-0.4907,-0.031
PJ Dozier,21,2,3,0.5,0,0,0,38.3,0,0,0,33.3,42.9,0,-0.404,-34,0,-0.114,5.6,-17.4,5.5,-31,-0.151,-16.6,9,-0.0105,-0.1387,0.0213,-0.5319,-0.033
Edmond Sumner,22,1,2,1,0,0,0,56.1,0,0,0,0,22.3,0,0.425,-5.3,0,-0.275,-22.7,-26.2,-13.9,-60.2,0.173,3.8,51.6,-0.0194,-0.139,0.0262,0.2928,0.012
Mindaugas Kuzminskas,28,1,2,0,0,0,0,0,0,0,0,0,43.6,0,-1.065,-49.3,0,-0.511,-24.2,23.3,9.9,-107.4,-0.522,-13.8,-111.2,-0.0023,-0.1289,0.0227,-1.1735,-0.049
Chris Boucher,25,1,1,0,1,0,0,100,0,0,0,0,43.9,0,-0.899,-59,0,-0.569,-21.2,23.8,34.4,-114.4,0.495,-14.4,-8.1,-0.0078,-0.1296,0.0222,-1.0142,-0.021
Naz Mitrou-Long,24,1,1,1.5,1,0,0,0,0,0,0,0,45,0.1,2.712,54.4,0,0.973,-21.5,-79.8,-15.4,141.3,-0.506,84.4,-104.1,-0.0087,-0.1362,0.0224,2.5895,0.054